test_month,feature,standardized_coefficient
2022-07-01,return_1h,0.1638316648913407
2022-07-01,return_3h,-0.13149447566599332
2022-07-01,return_6h,0.0896892340181258
2022-07-01,return_12h,-0.06861897804336944
2022-07-01,return_24h,0.07976270267364681
2022-07-01,return_72h,0.044922589152143685
2022-07-01,close_location,-0.03103273492028893
2022-07-01,body_fraction,0.02098625521704209
2022-07-01,range_over_atr,-0.1905823888204895
2022-07-01,distance_high_24h,-0.11595293374020603
2022-07-01,distance_low_24h,0.04831203834973567
2022-07-01,realized_vol_24h,-0.03689457808596142
2022-07-01,volume_relative_24h,0.12556822239452822
2022-07-01,trades_relative_24h,-0.06660094044428608
2022-07-01,delta_ratio_1h,-0.025119805301301874
2022-07-01,delta_ratio_4h,-0.14429314127347753
2022-07-01,delta_ratio_24h,0.04930826924453884
2022-07-01,large_delta_ratio_1h,-0.13736282578753056
2022-07-01,large_delta_ratio_4h,0.13022394156512082
2022-07-01,taker_buy_ratio_4h,-0.14429314127347523
2022-07-01,sell_absorption,-0.004270667344579542
2022-07-01,buy_absorption,0.029252138690212093
2022-07-01,price_flow_efficiency_4h,0.06773701501611001
2022-07-01,max_trade_share,-0.03236648947711932
2022-08-01,return_1h,0.14889806644577694
2022-08-01,return_3h,-0.09820129955758329
2022-08-01,return_6h,0.10395187143722949
2022-08-01,return_12h,-0.05883511448158349
2022-08-01,return_24h,0.08837904752749157
2022-08-01,return_72h,0.030816073437898297
2022-08-01,close_location,-0.008911437062339385
2022-08-01,body_fraction,0.020042481531914298
2022-08-01,range_over_atr,-0.22138948197532568
2022-08-01,distance_high_24h,-0.10157858921761984
2022-08-01,distance_low_24h,0.004246810968779127
2022-08-01,realized_vol_24h,-0.011146558676253769
2022-08-01,volume_relative_24h,0.23538895952115535
2022-08-01,trades_relative_24h,-0.10362750393570194
2022-08-01,delta_ratio_1h,-0.12204363271664721
2022-08-01,delta_ratio_4h,-0.13179182968252318
2022-08-01,delta_ratio_24h,0.10126225939732116
2022-08-01,large_delta_ratio_1h,-0.13373076782538157
2022-08-01,large_delta_ratio_4h,0.11177987518516785
2022-08-01,taker_buy_ratio_4h,-0.13179182968252098
2022-08-01,sell_absorption,-0.10723384408518083
2022-08-01,buy_absorption,0.02378956183024511
2022-08-01,price_flow_efficiency_4h,0.05380078225559588
2022-08-01,max_trade_share,-0.035541259837866976
2022-09-01,return_1h,0.13858582957861618
2022-09-01,return_3h,-0.09845747968153788
2022-09-01,return_6h,0.06841888961558644
2022-09-01,return_12h,-0.055277876110224465
2022-09-01,return_24h,0.06867348984108582
2022-09-01,return_72h,0.05711414691196498
2022-09-01,close_location,-0.0005806654209094055
2022-09-01,body_fraction,0.04826675361028373
2022-09-01,range_over_atr,-0.27437065351685935
2022-09-01,distance_high_24h,-0.10734529804617168
2022-09-01,distance_low_24h,0.04206508404372016
2022-09-01,realized_vol_24h,-0.02605645730188192
2022-09-01,volume_relative_24h,0.26414552209446573
2022-09-01,trades_relative_24h,-0.12540905964997592
2022-09-01,delta_ratio_1h,-0.11348966131403145
2022-09-01,delta_ratio_4h,-0.1169955841631121
2022-09-01,delta_ratio_24h,0.060366713095945206
2022-09-01,large_delta_ratio_1h,-0.12773695764483867
2022-09-01,large_delta_ratio_4h,0.10488135029057728
2022-09-01,taker_buy_ratio_4h,-0.11699558416310006
2022-09-01,sell_absorption,-0.1009045157005306
2022-09-01,buy_absorption,0.002515495524267152
2022-09-01,price_flow_efficiency_4h,0.030234960845716887
2022-09-01,max_trade_share,-0.025779923355931697
2022-10-01,return_1h,0.10672845562667396
2022-10-01,return_3h,-0.11300657659779009
2022-10-01,return_6h,0.06228712584784259
2022-10-01,return_12h,-0.019867135255015867
2022-10-01,return_24h,0.031123248080895363
2022-10-01,return_72h,0.05645269242535269
2022-10-01,close_location,0.021144400159364796
2022-10-01,body_fraction,0.030284852959074904
2022-10-01,range_over_atr,-0.24598295623708644
2022-10-01,distance_high_24h,-0.09419001028996796
2022-10-01,distance_low_24h,0.061536381285737754
2022-10-01,realized_vol_24h,-0.01578097308530323
2022-10-01,volume_relative_24h,0.24791034795767283
2022-10-01,trades_relative_24h,-0.12803571798531
2022-10-01,delta_ratio_1h,-0.10225440574846152
2022-10-01,delta_ratio_4h,-0.12449795630773955
2022-10-01,delta_ratio_24h,0.027547957937507223
2022-10-01,large_delta_ratio_1h,-0.14983026922887252
2022-10-01,large_delta_ratio_4h,0.12135695338513874
2022-10-01,taker_buy_ratio_4h,-0.12449795630773557
2022-10-01,sell_absorption,-0.07048573586930518
2022-10-01,buy_absorption,0.03124366921409374
2022-10-01,price_flow_efficiency_4h,0.032178231318954385
2022-10-01,max_trade_share,-0.03850488752875389
2022-11-01,return_1h,0.09055438058175613
2022-11-01,return_3h,-0.13124407914126815
2022-11-01,return_6h,0.05534987606284095
2022-11-01,return_12h,-0.05867211338327003
2022-11-01,return_24h,0.07522831027276163
2022-11-01,return_72h,0.05828015228066466
2022-11-01,close_location,0.020285365957967105
2022-11-01,body_fraction,0.041469688805238845
2022-11-01,range_over_atr,-0.23832986622992283
2022-11-01,distance_high_24h,-0.07861888534067538
2022-11-01,distance_low_24h,0.11922583601544608
2022-11-01,realized_vol_24h,-0.015900154961632575
2022-11-01,volume_relative_24h,0.28142108324327025
2022-11-01,trades_relative_24h,-0.13954283564109454
2022-11-01,delta_ratio_1h,-0.06929609183071687
2022-11-01,delta_ratio_4h,-0.0959969275405601
2022-11-01,delta_ratio_24h,-0.07370882462450001
2022-11-01,large_delta_ratio_1h,-0.13406339520633087
2022-11-01,large_delta_ratio_4h,0.09642172406913768
2022-11-01,taker_buy_ratio_4h,-0.09599692754055345
2022-11-01,sell_absorption,-0.07061778179285505
2022-11-01,buy_absorption,0.018713689985842767
2022-11-01,price_flow_efficiency_4h,0.034960449737316844
2022-11-01,max_trade_share,-0.0620390510575929
2022-12-01,return_1h,0.06013434426010955
2022-12-01,return_3h,-0.1598134426372555
2022-12-01,return_6h,0.046610146628145714
2022-12-01,return_12h,-0.02912970999075674
2022-12-01,return_24h,0.09657323803610032
2022-12-01,return_72h,0.048405053796103346
2022-12-01,close_location,0.033428405495308365
2022-12-01,body_fraction,0.040127302731455455
2022-12-01,range_over_atr,-0.18544305421839438
2022-12-01,distance_high_24h,-0.0961385936278161
2022-12-01,distance_low_24h,0.06893629469759813
2022-12-01,realized_vol_24h,-0.021608508718682664
2022-12-01,volume_relative_24h,0.16383417044055382
2022-12-01,trades_relative_24h,-0.06409937427942965
2022-12-01,delta_ratio_1h,-0.10192877693763164
2022-12-01,delta_ratio_4h,-0.05275890092193381
2022-12-01,delta_ratio_24h,-0.0456007481425028
2022-12-01,large_delta_ratio_1h,-0.13722027990077
2022-12-01,large_delta_ratio_4h,0.06051444733529147
2022-12-01,taker_buy_ratio_4h,-0.05275890092192468
2022-12-01,sell_absorption,-0.09606031705340048
2022-12-01,buy_absorption,0.024005951798027385
2022-12-01,price_flow_efficiency_4h,0.03622798120964322
2022-12-01,max_trade_share,-0.07074404087166582
2023-01-01,return_1h,0.05669999172895631
2023-01-01,return_3h,-0.1475386360832682
2023-01-01,return_6h,0.032245463826625735
2023-01-01,return_12h,-0.02192918648076207
2023-01-01,return_24h,0.11731671011257516
2023-01-01,return_72h,0.045442849886971934
2023-01-01,close_location,0.012473426321421835
2023-01-01,body_fraction,0.04164893883854992
2023-01-01,range_over_atr,-0.19267116707939705
2023-01-01,distance_high_24h,-0.08639849203772428
2023-01-01,distance_low_24h,0.06477531554596673
2023-01-01,realized_vol_24h,-0.023749977121938496
2023-01-01,volume_relative_24h,0.12811602963327706
2023-01-01,trades_relative_24h,-0.007824019143234945
2023-01-01,delta_ratio_1h,-0.058550052508324735
2023-01-01,delta_ratio_4h,-0.06803303457642067
2023-01-01,delta_ratio_24h,-0.08414449884139724
2023-01-01,large_delta_ratio_1h,-0.12908431059001285
2023-01-01,large_delta_ratio_4h,0.08492962834153622
2023-01-01,taker_buy_ratio_4h,-0.06803303457643001
2023-01-01,sell_absorption,-0.08966374052704368
2023-01-01,buy_absorption,-0.004308884909398873
2023-01-01,price_flow_efficiency_4h,0.019818566436167702
2023-01-01,max_trade_share,-0.06503218539317641
2023-02-01,return_1h,0.0395289962686684
2023-02-01,return_3h,-0.12868425587072801
2023-02-01,return_6h,0.006149680872140405
2023-02-01,return_12h,0.0019185565179766241
2023-02-01,return_24h,0.05954445309064982
2023-02-01,return_72h,0.03804007799672572
2023-02-01,close_location,-0.03063034642736185
2023-02-01,body_fraction,0.01827568617820419
2023-02-01,range_over_atr,-0.0739967232672186
2023-02-01,distance_high_24h,-0.12312275419754194
2023-02-01,distance_low_24h,0.10004763120272502
2023-02-01,realized_vol_24h,-0.11011705378460886
2023-02-01,volume_relative_24h,0.09437411965156355
2023-02-01,trades_relative_24h,-0.03880972712246033
2023-02-01,delta_ratio_1h,0.0010087734784417137
2023-02-01,delta_ratio_4h,-0.07352265071654043
2023-02-01,delta_ratio_24h,-0.04531536892192548
2023-02-01,large_delta_ratio_1h,-0.1549556179726919
2023-02-01,large_delta_ratio_4h,0.10327082611107088
2023-02-01,taker_buy_ratio_4h,-0.07352265071654143
2023-02-01,sell_absorption,-0.08148169119202713
2023-02-01,buy_absorption,0.010585912567238768
2023-02-01,price_flow_efficiency_4h,0.04098061045649592
2023-02-01,max_trade_share,-0.090676336911818
2023-03-01,return_1h,0.07309699011449763
2023-03-01,return_3h,-0.15604070122777777
2023-03-01,return_6h,0.0034800910901258268
2023-03-01,return_12h,-0.0059191428887074935
2023-03-01,return_24h,0.07905460802482699
2023-03-01,return_72h,0.021870182165623087
2023-03-01,close_location,-0.0172192464811
2023-03-01,body_fraction,0.03586868486217061
2023-03-01,range_over_atr,-0.1196925716515187
2023-03-01,distance_high_24h,-0.0946509737451589
2023-03-01,distance_low_24h,0.06168736086006603
2023-03-01,realized_vol_24h,-0.09170934251835679
2023-03-01,volume_relative_24h,0.11825405364137179
2023-03-01,trades_relative_24h,-0.00039641197125773065
2023-03-01,delta_ratio_1h,-0.0683846611772663
2023-03-01,delta_ratio_4h,-0.06484062590055818
2023-03-01,delta_ratio_24h,-0.06471381507978609
2023-03-01,large_delta_ratio_1h,-0.13887343514885497
2023-03-01,large_delta_ratio_4h,0.12266779028793053
2023-03-01,taker_buy_ratio_4h,-0.06484062590056493
2023-03-01,sell_absorption,-0.1076842069472544
2023-03-01,buy_absorption,0.0344507495273873
2023-03-01,price_flow_efficiency_4h,0.05771264446288654
2023-03-01,max_trade_share,-0.08121944555497665
2023-04-01,return_1h,0.038882180213892566
2023-04-01,return_3h,-0.11920284811450498
2023-04-01,return_6h,-0.026681366551022625
2023-04-01,return_12h,0.026129055278336748
2023-04-01,return_24h,0.06292053245139508
2023-04-01,return_72h,0.011712894824606555
2023-04-01,close_location,0.01594883096457476
2023-04-01,body_fraction,0.07597104804161828
2023-04-01,range_over_atr,-0.08648916311675667
2023-04-01,distance_high_24h,-0.0848032799636004
2023-04-01,distance_low_24h,0.05063901813754457
2023-04-01,realized_vol_24h,-0.07208133682715301
2023-04-01,volume_relative_24h,0.059111025403268395
2023-04-01,trades_relative_24h,0.022560370123156582
2023-04-01,delta_ratio_1h,-0.1510295450199273
2023-04-01,delta_ratio_4h,-0.05749973511512873
2023-04-01,delta_ratio_24h,-0.06544060872178567
2023-04-01,large_delta_ratio_1h,-0.1271617412248344
2023-04-01,large_delta_ratio_4h,0.13317929885371535
2023-04-01,taker_buy_ratio_4h,-0.05749973511513844
2023-04-01,sell_absorption,-0.14859317830302182
2023-04-01,buy_absorption,0.055947354150040624
2023-04-01,price_flow_efficiency_4h,0.04743462814823359
2023-04-01,max_trade_share,-0.04286808723781966
2023-05-01,return_1h,0.029808282454110963
2023-05-01,return_3h,-0.11499308544552035
2023-05-01,return_6h,-0.08641273017311261
2023-05-01,return_12h,0.05083891058129692
2023-05-01,return_24h,0.005003481666132312
2023-05-01,return_72h,0.030335773505113454
2023-05-01,close_location,0.030158359099777644
2023-05-01,body_fraction,0.0391830214630114
2023-05-01,range_over_atr,-0.047826002798041264
2023-05-01,distance_high_24h,-0.05549051410162024
2023-05-01,distance_low_24h,0.10746475722504302
2023-05-01,realized_vol_24h,-0.08494789671536762
2023-05-01,volume_relative_24h,0.04247567664758459
2023-05-01,trades_relative_24h,0.017944170270037488
2023-05-01,delta_ratio_1h,-0.1881712717173152
2023-05-01,delta_ratio_4h,-0.037244056060561394
2023-05-01,delta_ratio_24h,-0.06915134921404809
2023-05-01,large_delta_ratio_1h,-0.0801417063955024
2023-05-01,large_delta_ratio_4h,0.08457970833319924
2023-05-01,taker_buy_ratio_4h,-0.0372440560605892
2023-05-01,sell_absorption,-0.14954679310744504
2023-05-01,buy_absorption,0.06463257025615744
2023-05-01,price_flow_efficiency_4h,0.046309157731742434
2023-05-01,max_trade_share,-0.041318489129382754
2023-06-01,return_1h,-0.0037583850855195814
2023-06-01,return_3h,-0.07808020554065327
2023-06-01,return_6h,-0.14148331358629368
2023-06-01,return_12h,0.07249101348323814
2023-06-01,return_24h,-0.016164611893137476
2023-06-01,return_72h,0.012602054673089102
2023-06-01,close_location,0.02577980689713113
2023-06-01,body_fraction,0.06297576259781992
2023-06-01,range_over_atr,-0.04559674053658611
2023-06-01,distance_high_24h,0.009485223880097683
2023-06-01,distance_low_24h,0.11229796860537439
2023-06-01,realized_vol_24h,-0.0356206865108864
2023-06-01,volume_relative_24h,0.026291768719322203
2023-06-01,trades_relative_24h,0.020699109447453474
2023-06-01,delta_ratio_1h,-0.14753393750912613
2023-06-01,delta_ratio_4h,-0.06014010624927302
2023-06-01,delta_ratio_24h,-0.0862235263773775
2023-06-01,large_delta_ratio_1h,-0.10810491116270406
2023-06-01,large_delta_ratio_4h,0.11100658443683334
2023-06-01,taker_buy_ratio_4h,-0.060140106249291704
2023-06-01,sell_absorption,-0.13008340773824786
2023-06-01,buy_absorption,0.07338803327257795
2023-06-01,price_flow_efficiency_4h,0.06108287943852351
2023-06-01,max_trade_share,-0.04133107291150398
2023-07-01,return_1h,-0.06623366113661401
2023-07-01,return_3h,-0.012673986749118658
2023-07-01,return_6h,-0.17667439837852553
2023-07-01,return_12h,0.10388052353885843
2023-07-01,return_24h,-0.013605943898857456
2023-07-01,return_72h,0.010779403442977915
2023-07-01,close_location,0.030870852354058335
2023-07-01,body_fraction,0.07001400964736688
2023-07-01,range_over_atr,-0.026967960628952375
2023-07-01,distance_high_24h,-0.006717990429156897
2023-07-01,distance_low_24h,0.0712962863994576
2023-07-01,realized_vol_24h,-0.015946083761253414
2023-07-01,volume_relative_24h,-0.012277405093483452
2023-07-01,trades_relative_24h,0.016804334266882492
2023-07-01,delta_ratio_1h,-0.10706515974319333
2023-07-01,delta_ratio_4h,-0.07288070391361239
2023-07-01,delta_ratio_24h,-0.12834506761093756
2023-07-01,large_delta_ratio_1h,-0.1309083678800081
2023-07-01,large_delta_ratio_4h,0.1572173937706591
2023-07-01,taker_buy_ratio_4h,-0.07288070391360654
2023-07-01,sell_absorption,-0.14338052759786388
2023-07-01,buy_absorption,0.06909388638677628
2023-07-01,price_flow_efficiency_4h,0.013624932755673835
2023-07-01,max_trade_share,-0.04380335829935623
2023-08-01,return_1h,-0.06113028344900596
2023-08-01,return_3h,-0.03420399501775955
2023-08-01,return_6h,-0.18396258677105226
2023-08-01,return_12h,0.1267769333005195
2023-08-01,return_24h,-0.0893643786887661
2023-08-01,return_72h,0.01798175834299135
2023-08-01,close_location,0.04441055773953706
2023-08-01,body_fraction,0.07432032961261281
2023-08-01,range_over_atr,0.04687756681525256
2023-08-01,distance_high_24h,-0.019745206245635784
2023-08-01,distance_low_24h,0.0819381311388271
2023-08-01,realized_vol_24h,-0.04318778279912443
2023-08-01,volume_relative_24h,-0.2560716071073087
2023-08-01,trades_relative_24h,0.191791515830633
2023-08-01,delta_ratio_1h,-0.11084846746982202
2023-08-01,delta_ratio_4h,-0.06220960592546872
2023-08-01,delta_ratio_24h,-0.1098706629104264
2023-08-01,large_delta_ratio_1h,-0.11466714834185282
2023-08-01,large_delta_ratio_4h,0.10494683675409389
2023-08-01,taker_buy_ratio_4h,-0.06220960592548642
2023-08-01,sell_absorption,-0.10262573833488546
2023-08-01,buy_absorption,0.12410719911578233
2023-08-01,price_flow_efficiency_4h,0.016421679420494103
2023-08-01,max_trade_share,-0.03254159582698331
2023-09-01,return_1h,-0.08272318228331792
2023-09-01,return_3h,0.0017040225526000043
2023-09-01,return_6h,-0.18334644193842178
2023-09-01,return_12h,0.1592652900265774
2023-09-01,return_24h,-0.07867347813963203
2023-09-01,return_72h,0.005521990139057216
2023-09-01,close_location,0.018089878859228855
2023-09-01,body_fraction,0.05809642672117843
2023-09-01,range_over_atr,0.03702643812602721
2023-09-01,distance_high_24h,-0.031472593552259634
2023-09-01,distance_low_24h,0.005830759211204948
2023-09-01,realized_vol_24h,-0.015605799182537457
2023-09-01,volume_relative_24h,-0.28812766891431313
2023-09-01,trades_relative_24h,0.23792330547141938
2023-09-01,delta_ratio_1h,-0.04926415481428065
2023-09-01,delta_ratio_4h,-0.06619144138353622
2023-09-01,delta_ratio_24h,-0.09201361695068826
2023-09-01,large_delta_ratio_1h,-0.1209891337917461
2023-09-01,large_delta_ratio_4h,0.10583182034573188
2023-09-01,taker_buy_ratio_4h,-0.0661914413836194
2023-09-01,sell_absorption,-0.08793961874932005
2023-09-01,buy_absorption,0.08396486237401114
2023-09-01,price_flow_efficiency_4h,0.037314370963760946
2023-09-01,max_trade_share,-0.07552301685797147
2023-10-01,return_1h,-0.0826415006199901
2023-10-01,return_3h,0.0635462696030603
2023-10-01,return_6h,-0.19200779273131865
2023-10-01,return_12h,0.12152517818992878
2023-10-01,return_24h,-0.008025448193582438
2023-10-01,return_72h,0.008077658677849276
2023-10-01,close_location,0.030565974949761668
2023-10-01,body_fraction,0.03960814090237662
2023-10-01,range_over_atr,0.03564854665057168
2023-10-01,distance_high_24h,-0.03721726745561344
2023-10-01,distance_low_24h,-0.033414803998858475
2023-10-01,realized_vol_24h,-0.0045254088399089435
2023-10-01,volume_relative_24h,-0.31197381265692414
2023-10-01,trades_relative_24h,0.2394252307205122
2023-10-01,delta_ratio_1h,-0.114963630305173
2023-10-01,delta_ratio_4h,-0.05438020308117156
2023-10-01,delta_ratio_24h,-0.10891540603886044
2023-10-01,large_delta_ratio_1h,-0.09161514597794629
2023-10-01,large_delta_ratio_4h,0.06910232005147925
2023-10-01,taker_buy_ratio_4h,-0.054380203081322895
2023-10-01,sell_absorption,-0.12365849137218199
2023-10-01,buy_absorption,0.10120868354049345
2023-10-01,price_flow_efficiency_4h,0.033920253012860245
2023-10-01,max_trade_share,-0.08862443970459345
2023-11-01,return_1h,-0.08715253010949438
2023-11-01,return_3h,0.08983925298208023
2023-11-01,return_6h,-0.2202174208590999
2023-11-01,return_12h,0.1698509800976875
2023-11-01,return_24h,-0.04583259271655293
2023-11-01,return_72h,0.019430226241321943
2023-11-01,close_location,0.011242535831145576
2023-11-01,body_fraction,0.007584213423163976
2023-11-01,range_over_atr,0.059730997736288836
2023-11-01,distance_high_24h,-0.03264100561708615
2023-11-01,distance_low_24h,-0.1242172935785851
2023-11-01,realized_vol_24h,0.03794605007688237
2023-11-01,volume_relative_24h,-0.31186048158920926
2023-11-01,trades_relative_24h,0.19487740121803032
2023-11-01,delta_ratio_1h,-0.033025220358036
2023-11-01,delta_ratio_4h,-0.05011357806662262
2023-11-01,delta_ratio_24h,-0.07450876148294533
2023-11-01,large_delta_ratio_1h,-0.08169254335674565
2023-11-01,large_delta_ratio_4h,0.06700648864468921
2023-11-01,taker_buy_ratio_4h,-0.050113578066798316
2023-11-01,sell_absorption,-0.08171806121820442
2023-11-01,buy_absorption,0.02001968662646157
2023-11-01,price_flow_efficiency_4h,0.029715923996866074
2023-11-01,max_trade_share,-0.06060786942269618
2023-12-01,return_1h,-0.05457226404184277
2023-12-01,return_3h,0.11442213545856983
2023-12-01,return_6h,-0.21736644316130727
2023-12-01,return_12h,0.1257486511439431
2023-12-01,return_24h,-0.12320809031553653
2023-12-01,return_72h,0.027496173545655943
2023-12-01,close_location,0.016597276571153886
2023-12-01,body_fraction,0.02434100107987771
2023-12-01,range_over_atr,0.03920657154526578
2023-12-01,distance_high_24h,-0.04841583981448575
2023-12-01,distance_low_24h,-0.08324018820502058
2023-12-01,realized_vol_24h,0.0016612819435168815
2023-12-01,volume_relative_24h,-0.2675448629737614
2023-12-01,trades_relative_24h,0.15479333607252052
2023-12-01,delta_ratio_1h,-0.05308687964015707
2023-12-01,delta_ratio_4h,-0.053448652067816405
2023-12-01,delta_ratio_24h,-0.038711047165525835
2023-12-01,large_delta_ratio_1h,-0.06355088531504745
2023-12-01,large_delta_ratio_4h,0.07479327134879739
2023-12-01,taker_buy_ratio_4h,-0.05344865206800373
2023-12-01,sell_absorption,-0.08521163375349766
2023-12-01,buy_absorption,0.021799874986528127
2023-12-01,price_flow_efficiency_4h,0.037225357954509944
2023-12-01,max_trade_share,-0.061172577851492736
2024-01-01,return_1h,-0.06343280136575105
2024-01-01,return_3h,0.1473768034833737
2024-01-01,return_6h,-0.18949813610184552
2024-01-01,return_12h,0.1403037181050636
2024-01-01,return_24h,-0.13229540474323354
2024-01-01,return_72h,0.02193879899150259
2024-01-01,close_location,0.04317098143890488
2024-01-01,body_fraction,0.029173521252601257
2024-01-01,range_over_atr,0.01697688030417996
2024-01-01,distance_high_24h,-0.11531457559027504
2024-01-01,distance_low_24h,-0.09668147806866348
2024-01-01,realized_vol_24h,-0.021533799284007223
2024-01-01,volume_relative_24h,-0.19807279705792044
2024-01-01,trades_relative_24h,0.11072809304878738
2024-01-01,delta_ratio_1h,-0.06541019838487831
2024-01-01,delta_ratio_4h,-0.04821177810173739
2024-01-01,delta_ratio_24h,-0.00023312068182697858
2024-01-01,large_delta_ratio_1h,-0.07385045353858975
2024-01-01,large_delta_ratio_4h,0.0728501474769113
2024-01-01,taker_buy_ratio_4h,-0.048211778101905224
2024-01-01,sell_absorption,-0.07090403188083048
2024-01-01,buy_absorption,0.052783123020503406
2024-01-01,price_flow_efficiency_4h,0.055450799836641
2024-01-01,max_trade_share,-0.07151386150990206
2024-02-01,return_1h,-0.04704363012624147
2024-02-01,return_3h,0.07395982085606549
2024-02-01,return_6h,-0.12751510520222872
2024-02-01,return_12h,0.14533578425088425
2024-02-01,return_24h,-0.1410452032214797
2024-02-01,return_72h,0.04540590982866273
2024-02-01,close_location,0.07826650506645413
2024-02-01,body_fraction,0.0633438012639947
2024-02-01,range_over_atr,-0.0611474836476542
2024-02-01,distance_high_24h,-0.059388367363799086
2024-02-01,distance_low_24h,-0.08321781550096038
2024-02-01,realized_vol_24h,0.0354966247501207
2024-02-01,volume_relative_24h,-0.15992458439025942
2024-02-01,trades_relative_24h,0.12016250608036255
2024-02-01,delta_ratio_1h,-0.08356081009126545
2024-02-01,delta_ratio_4h,-0.03795343021567715
2024-02-01,delta_ratio_24h,-0.04721139380344936
2024-02-01,large_delta_ratio_1h,-0.05021459232580645
2024-02-01,large_delta_ratio_4h,0.02309251075947923
2024-02-01,taker_buy_ratio_4h,-0.03795343021585959
2024-02-01,sell_absorption,-0.08483169942320895
2024-02-01,buy_absorption,0.022258631966919188
2024-02-01,price_flow_efficiency_4h,0.01657377849140372
2024-02-01,max_trade_share,-0.06710787354856171
2024-03-01,return_1h,-0.09886993818886959
2024-03-01,return_3h,0.12186420963775318
2024-03-01,return_6h,-0.1418774799145045
2024-03-01,return_12h,0.14637519857509426
2024-03-01,return_24h,-0.10625413764240167
2024-03-01,return_72h,0.06812351673101007
2024-03-01,close_location,0.07562829397774654
2024-03-01,body_fraction,0.048188324521212675
2024-03-01,range_over_atr,0.008344067496246598
2024-03-01,distance_high_24h,-0.08416119508214238
2024-03-01,distance_low_24h,-0.12010393429465197
2024-03-01,realized_vol_24h,0.06586505172443384
2024-03-01,volume_relative_24h,-0.21428764142541354
2024-03-01,trades_relative_24h,0.10200804014199276
2024-03-01,delta_ratio_1h,-0.0006654830222191259
2024-03-01,delta_ratio_4h,-0.03077125692932201
2024-03-01,delta_ratio_24h,-0.05938536030455684
2024-03-01,large_delta_ratio_1h,-0.06971892012026644
2024-03-01,large_delta_ratio_4h,0.03769980887495141
2024-03-01,taker_buy_ratio_4h,-0.030771256929438207
2024-03-01,sell_absorption,-0.027672157772162913
2024-03-01,buy_absorption,0.010627245156185083
2024-03-01,price_flow_efficiency_4h,-0.03574057951720868
2024-03-01,max_trade_share,-0.05390981798568263
2024-04-01,return_1h,-0.08551393271750098
2024-04-01,return_3h,0.07090355511872148
2024-04-01,return_6h,-0.0886888152789056
2024-04-01,return_12h,0.12710923263618343
2024-04-01,return_24h,-0.1389831353971041
2024-04-01,return_72h,0.08467378220454773
2024-04-01,close_location,0.03988675902379835
2024-04-01,body_fraction,0.039725781220360225
2024-04-01,range_over_atr,0.015180645663369451
2024-04-01,distance_high_24h,-0.06042704144952557
2024-04-01,distance_low_24h,-0.1082939963838889
2024-04-01,realized_vol_24h,0.05203748505964137
2024-04-01,volume_relative_24h,-0.1496183892679047
2024-04-01,trades_relative_24h,0.07119657878960252
2024-04-01,delta_ratio_1h,0.059812790392565776
2024-04-01,delta_ratio_4h,-0.02463233998223425
2024-04-01,delta_ratio_24h,-0.06792216106611834
2024-04-01,large_delta_ratio_1h,-0.052419143845357834
2024-04-01,large_delta_ratio_4h,-0.006182015797254278
2024-04-01,taker_buy_ratio_4h,-0.024632339982357438
2024-04-01,sell_absorption,0.004263492647413758
2024-04-01,buy_absorption,-0.0064998429073501165
2024-04-01,price_flow_efficiency_4h,-0.017679185848762165
2024-04-01,max_trade_share,-0.054686967895033474
2024-05-01,return_1h,-0.04835086497659935
2024-05-01,return_3h,0.013405279676211935
2024-05-01,return_6h,0.00676469187951657
2024-05-01,return_12h,0.11606522980028539
2024-05-01,return_24h,-0.1601660624828603
2024-05-01,return_72h,0.07749363845338049
2024-05-01,close_location,0.030901570034718367
2024-05-01,body_fraction,0.04725332763277593
2024-05-01,range_over_atr,-0.018542686213234964
2024-05-01,distance_high_24h,-0.050096776446514134
2024-05-01,distance_low_24h,-0.1413212558668073
2024-05-01,realized_vol_24h,0.07007438253163119
2024-05-01,volume_relative_24h,-0.09263042129230553
2024-05-01,trades_relative_24h,0.05499550621117641
2024-05-01,delta_ratio_1h,0.0841114123484108
2024-05-01,delta_ratio_4h,-0.030828313190511887
2024-05-01,delta_ratio_24h,-0.05682050339248563
2024-05-01,large_delta_ratio_1h,-0.07690184256933832
2024-05-01,large_delta_ratio_4h,0.014630289976572827
2024-05-01,taker_buy_ratio_4h,-0.03082831319061703
2024-05-01,sell_absorption,0.012632062659042237
2024-05-01,buy_absorption,-0.03531906314771468
2024-05-01,price_flow_efficiency_4h,-0.02558029590095252
2024-05-01,max_trade_share,-0.059746150153856196
2024-06-01,return_1h,-0.03279826320215464
2024-06-01,return_3h,0.00014437385510454432
2024-06-01,return_6h,0.060867712927668564
2024-06-01,return_12h,0.08555695489420159
2024-06-01,return_24h,-0.13853293123657456
2024-06-01,return_72h,0.08634753884006872
2024-06-01,close_location,-0.01335418036396693
2024-06-01,body_fraction,0.04286561160029088
2024-06-01,range_over_atr,-0.014222709627134646
2024-06-01,distance_high_24h,-0.05225449851520141
2024-06-01,distance_low_24h,-0.1393920279220191
2024-06-01,realized_vol_24h,0.07118369700564402
2024-06-01,volume_relative_24h,-0.13380920598255258
2024-06-01,trades_relative_24h,0.127292900320529
2024-06-01,delta_ratio_1h,0.09003740397297191
2024-06-01,delta_ratio_4h,-0.01454471520732428
2024-06-01,delta_ratio_24h,-0.05073458377280111
2024-06-01,large_delta_ratio_1h,-0.04664615972406184
2024-06-01,large_delta_ratio_4h,-0.02960508366993443
2024-06-01,taker_buy_ratio_4h,-0.014544715207355091
2024-06-01,sell_absorption,0.02645663095710244
2024-06-01,buy_absorption,-0.0727797781976787
2024-06-01,price_flow_efficiency_4h,-0.048916607321078
2024-06-01,max_trade_share,-0.06600388186301852
2024-07-01,return_1h,-0.09136186624342739
2024-07-01,return_3h,-0.03343765208970935
2024-07-01,return_6h,0.11668005577210526
2024-07-01,return_12h,0.07066687070498964
2024-07-01,return_24h,-0.1914417511000286
2024-07-01,return_72h,0.09435399682951758
2024-07-01,close_location,-0.005185263349531736
2024-07-01,body_fraction,0.05212136762278137
2024-07-01,range_over_atr,-0.0014641763896351486
2024-07-01,distance_high_24h,-0.012843068313446568
2024-07-01,distance_low_24h,-0.11657646840200057
2024-07-01,realized_vol_24h,0.09263265246486757
2024-07-01,volume_relative_24h,-0.121669107367078
2024-07-01,trades_relative_24h,0.12425973067172409
2024-07-01,delta_ratio_1h,0.060255521759275246
2024-07-01,delta_ratio_4h,0.002439172276671186
2024-07-01,delta_ratio_24h,-0.021490051017595335
2024-07-01,large_delta_ratio_1h,-0.016170568464623298
2024-07-01,large_delta_ratio_4h,-0.08066202172816445
2024-07-01,taker_buy_ratio_4h,0.002439172276748131
2024-07-01,sell_absorption,0.017733471405768118
2024-07-01,buy_absorption,-0.07033256353330987
2024-07-01,price_flow_efficiency_4h,-0.05514504332885168
2024-07-01,max_trade_share,-0.057787914967502275
2024-08-01,return_1h,-0.12051837680248464
2024-08-01,return_3h,0.004732182687391544
2024-08-01,return_6h,0.0926022173115995
2024-08-01,return_12h,0.026886260599305056
2024-08-01,return_24h,-0.17562177602834364
2024-08-01,return_72h,0.06376184554210433
2024-08-01,close_location,0.013956745382029087
2024-08-01,body_fraction,0.029078253890037264
2024-08-01,range_over_atr,-0.06903108118944033
2024-08-01,distance_high_24h,0.0623692567519696
2024-08-01,distance_low_24h,-0.11210705160931303
2024-08-01,realized_vol_24h,0.13091255220692496
2024-08-01,volume_relative_24h,0.02530373090835477
2024-08-01,trades_relative_24h,0.024503973309703064
2024-08-01,delta_ratio_1h,0.09079251241005465
2024-08-01,delta_ratio_4h,-0.020512244675952824
2024-08-01,delta_ratio_24h,0.010191498508479538
2024-08-01,large_delta_ratio_1h,-0.009023230071392644
2024-08-01,large_delta_ratio_4h,-0.04107439237175078
2024-08-01,taker_buy_ratio_4h,-0.020512244675926706
2024-08-01,sell_absorption,0.006495172745018931
2024-08-01,buy_absorption,-0.10833298434510677
2024-08-01,price_flow_efficiency_4h,-0.04376516612505401
2024-08-01,max_trade_share,-0.06846449491592482
2024-09-01,return_1h,-0.09741097710209631
2024-09-01,return_3h,-0.040699567808048384
2024-09-01,return_6h,0.07159657598771157
2024-09-01,return_12h,0.04369931965354876
2024-09-01,return_24h,-0.2140875280857309
2024-09-01,return_72h,0.07665611158360519
2024-09-01,close_location,0.006366451760990504
2024-09-01,body_fraction,0.021355852789583026
2024-09-01,range_over_atr,-0.03676526013787517
2024-09-01,distance_high_24h,0.06295585078386678
2024-09-01,distance_low_24h,-0.07623208024443182
2024-09-01,realized_vol_24h,0.1388039537246035
2024-09-01,volume_relative_24h,0.07191545136374082
2024-09-01,trades_relative_24h,-0.015005078038663676
2024-09-01,delta_ratio_1h,0.05841948342485578
2024-09-01,delta_ratio_4h,-0.002588145933487669
2024-09-01,delta_ratio_24h,0.030343461679575433
2024-09-01,large_delta_ratio_1h,0.035760583577585735
2024-09-01,large_delta_ratio_4h,-0.043869428744645125
2024-09-01,taker_buy_ratio_4h,-0.002588145933444459
2024-09-01,sell_absorption,0.03752056052420504
2024-09-01,buy_absorption,-0.09800748832171233
2024-09-01,price_flow_efficiency_4h,-0.037234694415799255
2024-09-01,max_trade_share,-0.039142246732501884
2024-10-01,return_1h,-0.07314897478502438
2024-10-01,return_3h,-0.047575848679035325
2024-10-01,return_6h,0.04039489514300626
2024-10-01,return_12h,0.047769412572808326
2024-10-01,return_24h,-0.24047528320019293
2024-10-01,return_72h,0.08092535116756974
2024-10-01,close_location,-0.04523834904463504
2024-10-01,body_fraction,0.06576261081445192
2024-10-01,range_over_atr,-0.037412927891011916
2024-10-01,distance_high_24h,0.07966108158722343
2024-10-01,distance_low_24h,-0.040234221400665494
2024-10-01,realized_vol_24h,0.10926626947703733
2024-10-01,volume_relative_24h,0.08147055513785732
2024-10-01,trades_relative_24h,-0.004429960954055569
2024-10-01,delta_ratio_1h,0.18152222631901493
2024-10-01,delta_ratio_4h,-0.026249741338530242
2024-10-01,delta_ratio_24h,0.036156227326954386
2024-10-01,large_delta_ratio_1h,0.026102815045422022
2024-10-01,large_delta_ratio_4h,-0.008128764142968042
2024-10-01,taker_buy_ratio_4h,-0.026249741338422606
2024-10-01,sell_absorption,0.10015636620855888
2024-10-01,buy_absorption,-0.13768154259704743
2024-10-01,price_flow_efficiency_4h,-0.040779214914011916
2024-10-01,max_trade_share,-0.037501359176242706
2024-11-01,return_1h,-0.07572376670020456
2024-11-01,return_3h,-0.05394384944127066
2024-11-01,return_6h,0.03561939688408797
2024-11-01,return_12h,0.03412051492292478
2024-11-01,return_24h,-0.21328479354803742
2024-11-01,return_72h,0.07414874464420478
2024-11-01,close_location,-0.02459553505730552
2024-11-01,body_fraction,0.07556738743325062
2024-11-01,range_over_atr,-0.02492144058683961
2024-11-01,distance_high_24h,0.0849646953768098
2024-11-01,distance_low_24h,-0.022506297169220504
2024-11-01,realized_vol_24h,0.10420558926948563
2024-11-01,volume_relative_24h,0.07024831906948725
2024-11-01,trades_relative_24h,0.0036912101305160887
2024-11-01,delta_ratio_1h,0.15756301688980415
2024-11-01,delta_ratio_4h,-0.04576838546630814
2024-11-01,delta_ratio_24h,0.03080046277863515
2024-11-01,large_delta_ratio_1h,-0.023481869041836724
2024-11-01,large_delta_ratio_4h,0.02148372872244183
2024-11-01,taker_buy_ratio_4h,-0.04576838546621415
2024-11-01,sell_absorption,0.09006287605728167
2024-11-01,buy_absorption,-0.06694084713580596
2024-11-01,price_flow_efficiency_4h,-0.029361122983566638
2024-11-01,max_trade_share,-0.05310368931742215
2024-12-01,return_1h,-0.10868070754544702
2024-12-01,return_3h,-0.0472788909203581
2024-12-01,return_6h,0.04271466171891263
2024-12-01,return_12h,0.056878856029823184
2024-12-01,return_24h,-0.2189452484852592
2024-12-01,return_72h,0.13327297018308856
2024-12-01,close_location,-0.03239236584815468
2024-12-01,body_fraction,0.03426151334403861
2024-12-01,range_over_atr,-0.022023789853446524
2024-12-01,distance_high_24h,0.06586812472333382
2024-12-01,distance_low_24h,0.012580279553167588
2024-12-01,realized_vol_24h,0.0953665145868155
2024-12-01,volume_relative_24h,0.11595969409887817
2024-12-01,trades_relative_24h,0.0020209606496577265
2024-12-01,delta_ratio_1h,0.1880447854487188
2024-12-01,delta_ratio_4h,-0.06630341486493575
2024-12-01,delta_ratio_24h,-0.010977564232235096
2024-12-01,large_delta_ratio_1h,-0.023924191589944382
2024-12-01,large_delta_ratio_4h,0.031276075067577847
2024-12-01,taker_buy_ratio_4h,-0.06630341486483271
2024-12-01,sell_absorption,0.08378503396596984
2024-12-01,buy_absorption,-0.07332838474711743
2024-12-01,price_flow_efficiency_4h,-0.020045002462853307
2024-12-01,max_trade_share,-0.05685501759953681
2025-01-01,return_1h,-0.09522934179539275
2025-01-01,return_3h,-0.11555490470901922
2025-01-01,return_6h,0.07482966905035758
2025-01-01,return_12h,0.022055295933191003
2025-01-01,return_24h,-0.22998388973563128
2025-01-01,return_72h,0.11623254304309469
2025-01-01,close_location,-0.05399334336268913
2025-01-01,body_fraction,0.038559332465038204
2025-01-01,range_over_atr,-0.005266680493243639
2025-01-01,distance_high_24h,0.12633124402456652
2025-01-01,distance_low_24h,0.044422043030123294
2025-01-01,realized_vol_24h,0.11219168062119567
2025-01-01,volume_relative_24h,0.07039330496785344
2025-01-01,trades_relative_24h,0.01016273672156094
2025-01-01,delta_ratio_1h,0.19904444830679532
2025-01-01,delta_ratio_4h,-0.06919356523689733
2025-01-01,delta_ratio_24h,-0.0024582792827243186
2025-01-01,large_delta_ratio_1h,-0.010639942228972129
2025-01-01,large_delta_ratio_4h,0.006695377869742437
2025-01-01,taker_buy_ratio_4h,-0.06919356523684367
2025-01-01,sell_absorption,0.09135381137439728
2025-01-01,buy_absorption,-0.07905048958738477
2025-01-01,price_flow_efficiency_4h,-0.014939058753569118
2025-01-01,max_trade_share,-0.035741498136295284
2025-02-01,return_1h,-0.10581044600939897
2025-02-01,return_3h,-0.0581200495727851
2025-02-01,return_6h,0.011207251652544074
2025-02-01,return_12h,0.036805998795815364
2025-02-01,return_24h,-0.27777394279352347
2025-02-01,return_72h,0.12601544877306523
2025-02-01,close_location,-0.05948975743604164
2025-02-01,body_fraction,0.01981504848921245
2025-02-01,range_over_atr,0.024927603159838885
2025-02-01,distance_high_24h,0.1581701796116934
2025-02-01,distance_low_24h,0.0638565395027128
2025-02-01,realized_vol_24h,0.09119586837946454
2025-02-01,volume_relative_24h,0.10458133106597249
2025-02-01,trades_relative_24h,-0.07101527734628497
2025-02-01,delta_ratio_1h,0.15112574375481297
2025-02-01,delta_ratio_4h,-0.08136827051045482
2025-02-01,delta_ratio_24h,0.0029363131784645156
2025-02-01,large_delta_ratio_1h,0.008092969216204284
2025-02-01,large_delta_ratio_4h,0.0324299861116627
2025-02-01,taker_buy_ratio_4h,-0.08136827051035496
2025-02-01,sell_absorption,0.06265395649775277
2025-02-01,buy_absorption,-0.03700734824741156
2025-02-01,price_flow_efficiency_4h,-0.015224559155525083
2025-02-01,max_trade_share,-0.0420108291865188
2025-03-01,return_1h,-0.06270889148712974
2025-03-01,return_3h,-0.11503554773444541
2025-03-01,return_6h,0.09457692008612822
2025-03-01,return_12h,-0.015163060782361794
2025-03-01,return_24h,-0.27533096035462273
2025-03-01,return_72h,0.11902476527540116
2025-03-01,close_location,-0.028187418197174095
2025-03-01,body_fraction,0.013913205406089988
2025-03-01,range_over_atr,0.022556183628866525
2025-03-01,distance_high_24h,0.22855418436238717
2025-03-01,distance_low_24h,0.05204332233005286
2025-03-01,realized_vol_24h,0.12559690212757013
2025-03-01,volume_relative_24h,0.10994764398327646
2025-03-01,trades_relative_24h,-0.09687005101388012
2025-03-01,delta_ratio_1h,0.06652236765432638
2025-03-01,delta_ratio_4h,-0.08464279103740852
2025-03-01,delta_ratio_24h,-0.03904047579913231
2025-03-01,large_delta_ratio_1h,0.02102514097766713
2025-03-01,large_delta_ratio_4h,0.013247951643526134
2025-03-01,taker_buy_ratio_4h,-0.08464279103742793
2025-03-01,sell_absorption,0.009830606891570304
2025-03-01,buy_absorption,-0.0036541569598904653
2025-03-01,price_flow_efficiency_4h,-0.03006408549737065
2025-03-01,max_trade_share,-0.043161787895222334
2025-04-01,return_1h,0.016983881085109766
2025-04-01,return_3h,-0.11992957214687881
2025-04-01,return_6h,0.10192969194557791
2025-04-01,return_12h,0.005514899993347588
2025-04-01,return_24h,-0.3118121895917263
2025-04-01,return_72h,0.11867840131356601
2025-04-01,close_location,-0.04505800237213532
2025-04-01,body_fraction,0.01698115948887838
2025-04-01,range_over_atr,-0.004172905904238955
2025-04-01,distance_high_24h,0.2024944118229001
2025-04-01,distance_low_24h,0.04183509041658927
2025-04-01,realized_vol_24h,0.11000263955323755
2025-04-01,volume_relative_24h,0.13028911764714907
2025-04-01,trades_relative_24h,-0.10179786605657289
2025-04-01,delta_ratio_1h,0.049324524032225064
2025-04-01,delta_ratio_4h,-0.08165614223861804
2025-04-01,delta_ratio_24h,-0.035194403968443255
2025-04-01,large_delta_ratio_1h,0.0014744116152348487
2025-04-01,large_delta_ratio_4h,0.04337134038040433
2025-04-01,taker_buy_ratio_4h,-0.0816561422386124
2025-04-01,sell_absorption,-0.0026078885606664144
2025-04-01,buy_absorption,-0.012002939890880882
2025-04-01,price_flow_efficiency_4h,-0.01888777080360997
2025-04-01,max_trade_share,-0.038488496039777255
2025-05-01,return_1h,-0.01681596555667242
2025-05-01,return_3h,-0.09612314760010036
2025-05-01,return_6h,0.08101570813914241
2025-05-01,return_12h,0.0036312526341760036
2025-05-01,return_24h,-0.32580566961828233
2025-05-01,return_72h,0.11238193875079212
2025-05-01,close_location,-0.0553677709821416
2025-05-01,body_fraction,0.05194212050607271
2025-05-01,range_over_atr,0.03592424785725447
2025-05-01,distance_high_24h,0.19923026458446905
2025-05-01,distance_low_24h,0.03959208958210344
2025-05-01,realized_vol_24h,0.10840957551197929
2025-05-01,volume_relative_24h,0.039320849087655624
2025-05-01,trades_relative_24h,-0.07336035001705865
2025-05-01,delta_ratio_1h,0.07150618852182582
2025-05-01,delta_ratio_4h,-0.08496135413935414
2025-05-01,delta_ratio_24h,-0.01830734824265166
2025-05-01,large_delta_ratio_1h,0.00019288716630470784
2025-05-01,large_delta_ratio_4h,0.05457781995579942
2025-05-01,taker_buy_ratio_4h,-0.08496135413937236
2025-05-01,sell_absorption,-0.015260554325193992
2025-05-01,buy_absorption,-0.0013930774560887162
2025-05-01,price_flow_efficiency_4h,-0.019612468329992652
2025-05-01,max_trade_share,-0.05202251712933865
2025-06-01,return_1h,-0.021134227763581086
2025-06-01,return_3h,-0.13187530867280436
2025-06-01,return_6h,0.06955643681370177
2025-06-01,return_12h,0.015586471419679684
2025-06-01,return_24h,-0.3760430959292917
2025-06-01,return_72h,0.1479042581235802
2025-06-01,close_location,-0.01764199760221289
2025-06-01,body_fraction,0.05472782311230996
2025-06-01,range_over_atr,0.06626941590462596
2025-06-01,distance_high_24h,0.23042878631301578
2025-06-01,distance_low_24h,0.0485961314922531
2025-06-01,realized_vol_24h,0.14080776361152209
2025-06-01,volume_relative_24h,0.06827092330669703
2025-06-01,trades_relative_24h,-0.15236750305160968
2025-06-01,delta_ratio_1h,0.0409906583091544
2025-06-01,delta_ratio_4h,-0.08015292712411107
2025-06-01,delta_ratio_24h,-0.023517694481250365
2025-06-01,large_delta_ratio_1h,0.012246543307588615
2025-06-01,large_delta_ratio_4h,0.08058336490384296
2025-06-01,taker_buy_ratio_4h,-0.08015292712411072
2025-06-01,sell_absorption,-0.03291324085384433
2025-06-01,buy_absorption,0.04151441589257302
2025-06-01,price_flow_efficiency_4h,-0.02718310880388626
2025-06-01,max_trade_share,-0.06151262338950316
2025-07-01,return_1h,-0.005797753477236002
2025-07-01,return_3h,-0.11384383489056688
2025-07-01,return_6h,0.07483051807801647
2025-07-01,return_12h,-0.000888166013571675
2025-07-01,return_24h,-0.2972237425018078
2025-07-01,return_72h,0.09449186296779971
2025-07-01,close_location,-0.056890999506382316
2025-07-01,body_fraction,0.03766630546844511
2025-07-01,range_over_atr,0.0737050263833355
2025-07-01,distance_high_24h,0.174417508347131
2025-07-01,distance_low_24h,0.054327016843091054
2025-07-01,realized_vol_24h,0.0906160173739879
2025-07-01,volume_relative_24h,0.07390453259097264
2025-07-01,trades_relative_24h,-0.18403528705486613
2025-07-01,delta_ratio_1h,0.12127890393130492
2025-07-01,delta_ratio_4h,-0.10209468606427809
2025-07-01,delta_ratio_24h,-0.023889972575329467
2025-07-01,large_delta_ratio_1h,0.02783965696052994
2025-07-01,large_delta_ratio_4h,0.09259859000972266
2025-07-01,taker_buy_ratio_4h,-0.10209468606426594
2025-07-01,sell_absorption,0.004968541859113189
2025-07-01,buy_absorption,-0.03635289996791464
2025-07-01,price_flow_efficiency_4h,-0.002360030373590378
2025-07-01,max_trade_share,-0.038822359499805136
2025-08-01,return_1h,0.024634528997643828
2025-08-01,return_3h,-0.1297067472542261
2025-08-01,return_6h,0.06746509162433527
2025-08-01,return_12h,0.050067806837277046
2025-08-01,return_24h,-0.3027622776872487
2025-08-01,return_72h,0.10061109124125585
2025-08-01,close_location,-0.10186729327070985
2025-08-01,body_fraction,0.03572887827218012
2025-08-01,range_over_atr,0.17134054558610068
2025-08-01,distance_high_24h,0.12945702332692796
2025-08-01,distance_low_24h,0.03168589828094504
2025-08-01,realized_vol_24h,0.07345129407636337
2025-08-01,volume_relative_24h,-0.0028680308790714664
2025-08-01,trades_relative_24h,-0.1834099795360516
2025-08-01,delta_ratio_1h,0.16081931510262246
2025-08-01,delta_ratio_4h,-0.0705522602117387
2025-08-01,delta_ratio_24h,-0.04975342751018425
2025-08-01,large_delta_ratio_1h,0.017065326501564036
2025-08-01,large_delta_ratio_4h,0.055671709772587244
2025-08-01,taker_buy_ratio_4h,-0.07055226021172732
2025-08-01,sell_absorption,0.021910360922102867
2025-08-01,buy_absorption,-0.0979127505437189
2025-08-01,price_flow_efficiency_4h,-0.0029708316971599194
2025-08-01,max_trade_share,-0.03439539504741351
2025-09-01,return_1h,0.03572921884013598
2025-09-01,return_3h,-0.11834902836662195
2025-09-01,return_6h,0.11605938981160564
2025-09-01,return_12h,0.006396682158240976
2025-09-01,return_24h,-0.21648979628122336
2025-09-01,return_72h,0.06705620301325359
2025-09-01,close_location,-0.08232650753082217
2025-09-01,body_fraction,0.022839723117170856
2025-09-01,range_over_atr,0.18005306951030348
2025-09-01,distance_high_24h,0.10295235056201185
2025-09-01,distance_low_24h,-0.005253501927129161
2025-09-01,realized_vol_24h,0.07934810257419232
2025-09-01,volume_relative_24h,-0.004257493694276273
2025-09-01,trades_relative_24h,-0.20679021980650955
2025-09-01,delta_ratio_1h,0.15104990807682356
2025-09-01,delta_ratio_4h,-0.09468034154726107
2025-09-01,delta_ratio_24h,-0.05692638745923702
2025-09-01,large_delta_ratio_1h,-0.021027103210414372
2025-09-01,large_delta_ratio_4h,0.0983166326437023
2025-09-01,taker_buy_ratio_4h,-0.09468034154724973
2025-09-01,sell_absorption,-0.039149442572493885
2025-09-01,buy_absorption,-0.05097551919661916
2025-09-01,price_flow_efficiency_4h,-0.0025498566146309565
2025-09-01,max_trade_share,-0.043873726175244265
2025-10-01,return_1h,0.04423139722768477
2025-10-01,return_3h,-0.12064893662275908
2025-10-01,return_6h,0.14247832521840656
2025-10-01,return_12h,-2.5659705458534972e-05
2025-10-01,return_24h,-0.18015752385060596
2025-10-01,return_72h,0.04887901784247508
2025-10-01,close_location,-0.06579461577235793
2025-10-01,body_fraction,-0.00682308923406329
2025-10-01,range_over_atr,0.22313490051014884
2025-10-01,distance_high_24h,0.06937885915758117
2025-10-01,distance_low_24h,-0.03531696149374774
2025-10-01,realized_vol_24h,0.08068117238391437
2025-10-01,volume_relative_24h,-0.0847981502550285
2025-10-01,trades_relative_24h,-0.16254333089474468
2025-10-01,delta_ratio_1h,0.1157986856258247
2025-10-01,delta_ratio_4h,-0.0816299508455252
2025-10-01,delta_ratio_24h,-0.03419472609662891
2025-10-01,large_delta_ratio_1h,-0.018763201119379253
2025-10-01,large_delta_ratio_4h,0.0911225656472918
2025-10-01,taker_buy_ratio_4h,-0.08162995084548981
2025-10-01,sell_absorption,-0.06545162011611898
2025-10-01,buy_absorption,-0.05174777102047162
2025-10-01,price_flow_efficiency_4h,-0.008178435206633933
2025-10-01,max_trade_share,-0.024762205484032573
2025-11-01,return_1h,0.06380948364166712
2025-11-01,return_3h,-0.09706352157136083
2025-11-01,return_6h,0.15544809729807257
2025-11-01,return_12h,0.011190652674039873
2025-11-01,return_24h,-0.08456557784512773
2025-11-01,return_72h,1.7542035013018986e-05
2025-11-01,close_location,-0.0912498930567001
2025-11-01,body_fraction,0.013275199545351153
2025-11-01,range_over_atr,0.1893901969804265
2025-11-01,distance_high_24h,0.004831100846232911
2025-11-01,distance_low_24h,-0.10010256449123406
2025-11-01,realized_vol_24h,0.0702688136151466
2025-11-01,volume_relative_24h,-0.1011134888808618
2025-11-01,trades_relative_24h,-0.12289503566433903
2025-11-01,delta_ratio_1h,0.0913846473137031
2025-11-01,delta_ratio_4h,-0.04752652215824416
2025-11-01,delta_ratio_24h,-0.029045248646393403
2025-11-01,large_delta_ratio_1h,0.03478650832429451
2025-11-01,large_delta_ratio_4h,0.042933245309071
2025-11-01,taker_buy_ratio_4h,-0.04752652215821056
2025-11-01,sell_absorption,-0.06867374644655373
2025-11-01,buy_absorption,-0.07637112113150016
2025-11-01,price_flow_efficiency_4h,0.0019585495243579485
2025-11-01,max_trade_share,-0.03326301702202413
2025-12-01,return_1h,0.12989397999611987
2025-12-01,return_3h,-0.06053196111846632
2025-12-01,return_6h,0.1278672586837235
2025-12-01,return_12h,0.010606830601159264
2025-12-01,return_24h,-0.07454792565942611
2025-12-01,return_72h,-0.0586203547419366
2025-12-01,close_location,-0.07273703771949265
2025-12-01,body_fraction,0.0029821711885316803
2025-12-01,range_over_atr,0.19801957503962062
2025-12-01,distance_high_24h,-0.04759466382845534
2025-12-01,distance_low_24h,-0.15209502644322934
2025-12-01,realized_vol_24h,0.06919246454648238
2025-12-01,volume_relative_24h,-0.13708800692139042
2025-12-01,trades_relative_24h,-0.09244281745157333
2025-12-01,delta_ratio_1h,0.034815023960562914
2025-12-01,delta_ratio_4h,-0.04804871846236283
2025-12-01,delta_ratio_24h,0.044190570768118526
2025-12-01,large_delta_ratio_1h,0.01505268527926233
2025-12-01,large_delta_ratio_4h,0.04281857049186249
2025-12-01,taker_buy_ratio_4h,-0.04804871846234875
2025-12-01,sell_absorption,-0.08085798680015628
2025-12-01,buy_absorption,-0.06112029419035591
2025-12-01,price_flow_efficiency_4h,-0.03800084423709041
2025-12-01,max_trade_share,-0.009848134666993792
2026-01-01,return_1h,0.14916527015626757
2026-01-01,return_3h,-0.04650785454276787
2026-01-01,return_6h,0.08519998110283605
2026-01-01,return_12h,0.03743960022902492
2026-01-01,return_24h,-0.05771801132810665
2026-01-01,return_72h,-0.07375402099901493
2026-01-01,close_location,-0.06343813206348421
2026-01-01,body_fraction,-0.016329904376765063
2026-01-01,range_over_atr,0.2643408774656498
2026-01-01,distance_high_24h,-0.07201542285658663
2026-01-01,distance_low_24h,-0.1766212976460739
2026-01-01,realized_vol_24h,0.07625071019996378
2026-01-01,volume_relative_24h,-0.09876075858319527
2026-01-01,trades_relative_24h,-0.18207595167857052
2026-01-01,delta_ratio_1h,0.028343665969926546
2026-01-01,delta_ratio_4h,-0.04034447202350528
2026-01-01,delta_ratio_24h,0.05390378270506585
2026-01-01,large_delta_ratio_1h,0.023338358239943312
2026-01-01,large_delta_ratio_4h,0.04519204519413426
2026-01-01,taker_buy_ratio_4h,-0.040344472023483284
2026-01-01,sell_absorption,-0.0721409028859633
2026-01-01,buy_absorption,-0.07804981979493451
2026-01-01,price_flow_efficiency_4h,0.006320699156313757
2026-01-01,max_trade_share,-0.0026788891248760364
2026-02-01,return_1h,0.12883138309029918
2026-02-01,return_3h,-0.05142619930225849
2026-02-01,return_6h,0.11784432348413605
2026-02-01,return_12h,0.02856036912784985
2026-02-01,return_24h,-0.01477281795826452
2026-02-01,return_72h,-0.08953558027684466
2026-02-01,close_location,-0.04816446582447664
2026-02-01,body_fraction,-0.026101769763001485
2026-02-01,range_over_atr,0.26550754407244415
2026-02-01,distance_high_24h,-0.11787732893332546
2026-02-01,distance_low_24h,-0.20048555908712717
2026-02-01,realized_vol_24h,0.07680401340278603
2026-02-01,volume_relative_24h,-0.18177179227629767
2026-02-01,trades_relative_24h,-0.09664616857462455
2026-02-01,delta_ratio_1h,0.020100958433947855
2026-02-01,delta_ratio_4h,-0.031706212929796085
2026-02-01,delta_ratio_24h,0.09447843837755057
2026-02-01,large_delta_ratio_1h,0.08165166511778946
2026-02-01,large_delta_ratio_4h,-1.4757973573080072e-05
2026-02-01,taker_buy_ratio_4h,-0.03170621292975717
2026-02-01,sell_absorption,-0.03292254270341983
2026-02-01,buy_absorption,-0.11332077771561772
2026-02-01,price_flow_efficiency_4h,-0.0035279661371619823
2026-02-01,max_trade_share,0.019324544975910848
2026-03-01,return_1h,0.1296505144403682
2026-03-01,return_3h,-0.0180529308146444
2026-03-01,return_6h,0.05460546179676347
2026-03-01,return_12h,0.06613734462939426
2026-03-01,return_24h,0.06431468564883593
2026-03-01,return_72h,-0.11369525175622705
2026-03-01,close_location,-0.06773855236179945
2026-03-01,body_fraction,-0.016309416541977196
2026-03-01,range_over_atr,0.23005994057960222
2026-03-01,distance_high_24h,-0.1414814134042044
2026-03-01,distance_low_24h,-0.23990968320825273
2026-03-01,realized_vol_24h,0.08641480271752937
2026-03-01,volume_relative_24h,-0.17113522239079484
2026-03-01,trades_relative_24h,-0.059716863232041194
2026-03-01,delta_ratio_1h,0.06795612780441473
2026-03-01,delta_ratio_4h,-0.04504573550594645
2026-03-01,delta_ratio_24h,0.09370980459718878
2026-03-01,large_delta_ratio_1h,0.06635784005029684
2026-03-01,large_delta_ratio_4h,0.022592999984651634
2026-03-01,taker_buy_ratio_4h,-0.045045735505915556
2026-03-01,sell_absorption,-0.03886993082624075
2026-03-01,buy_absorption,-0.12945120239130287
2026-03-01,price_flow_efficiency_4h,0.027459396425356192
2026-03-01,max_trade_share,0.022916943745406926
2026-04-01,return_1h,0.08794189766782766
2026-04-01,return_3h,-0.0245758194255516
2026-04-01,return_6h,0.04809012433885249
2026-04-01,return_12h,-0.004624040017640017
2026-04-01,return_24h,0.09726185158502113
2026-04-01,return_72h,-0.1273087949053816
2026-04-01,close_location,-0.04362909024258869
2026-04-01,body_fraction,-0.033853261005623275
2026-04-01,range_over_atr,0.26149276105198727
2026-04-01,distance_high_24h,-0.04951178421209767
2026-04-01,distance_low_24h,-0.20596177296804508
2026-04-01,realized_vol_24h,0.09559858456102391
2026-04-01,volume_relative_24h,-0.18603508742235222
2026-04-01,trades_relative_24h,-0.09107511814472674
2026-04-01,delta_ratio_1h,0.01893394741585237
2026-04-01,delta_ratio_4h,-0.06031351660054615
2026-04-01,delta_ratio_24h,0.07681399749252907
2026-04-01,large_delta_ratio_1h,0.0950370776247521
2026-04-01,large_delta_ratio_4h,0.04427738873988123
2026-04-01,taker_buy_ratio_4h,-0.06031351660049882
2026-04-01,sell_absorption,-0.029126541975146695
2026-04-01,buy_absorption,-0.12948345782014797
2026-04-01,price_flow_efficiency_4h,0.020217526363280936
2026-04-01,max_trade_share,-0.03799661205001019
2026-05-01,return_1h,0.13488099096805467
2026-05-01,return_3h,-0.04772789388085285
2026-05-01,return_6h,0.06334854993987415
2026-05-01,return_12h,-0.027786623677375347
2026-05-01,return_24h,0.136605004434543
2026-05-01,return_72h,-0.14805435362823363
2026-05-01,close_location,-0.06808369758727059
2026-05-01,body_fraction,-0.04814838389884922
2026-05-01,range_over_atr,0.28320285264195394
2026-05-01,distance_high_24h,-0.0407007210985968
2026-05-01,distance_low_24h,-0.21764851250314515
2026-05-01,realized_vol_24h,0.09428909348855284
2026-05-01,volume_relative_24h,-0.09707723640437955
2026-05-01,trades_relative_24h,-0.17065353568745528
2026-05-01,delta_ratio_1h,-0.036405311572529096
2026-05-01,delta_ratio_4h,-0.039122676277706776
2026-05-01,delta_ratio_24h,0.07151994909537936
2026-05-01,large_delta_ratio_1h,0.13985621059234782
2026-05-01,large_delta_ratio_4h,-0.005344953995893336
2026-05-01,taker_buy_ratio_4h,-0.03912267627761675
2026-05-01,sell_absorption,-0.008238733476277836
2026-05-01,buy_absorption,-0.12151612277300139
2026-05-01,price_flow_efficiency_4h,0.02925242952020578
2026-05-01,max_trade_share,-0.0516558399033911
2026-06-01,return_1h,0.13587977974729892
2026-06-01,return_3h,0.00517196994851065
2026-06-01,return_6h,0.011785102767091415
2026-06-01,return_12h,-0.0152013152749115
2026-06-01,return_24h,0.23916454098204337
2026-06-01,return_72h,-0.19975473985301284
2026-06-01,close_location,-0.04844496589493094
2026-06-01,body_fraction,-0.07729373333911531
2026-06-01,range_over_atr,0.25935363569965697
2026-06-01,distance_high_24h,-0.1342354314472442
2026-06-01,distance_low_24h,-0.21299017606673812
2026-06-01,realized_vol_24h,0.026257249332155213
2026-06-01,volume_relative_24h,-0.09399132180832508
2026-06-01,trades_relative_24h,-0.15889874976572899
2026-06-01,delta_ratio_1h,-0.008673083350564438
2026-06-01,delta_ratio_4h,-0.08513093610778667
2026-06-01,delta_ratio_24h,0.060105886125859584
2026-06-01,large_delta_ratio_1h,0.06425023070732071
2026-06-01,large_delta_ratio_4h,0.06850960004540632
2026-06-01,taker_buy_ratio_4h,-0.08513093610771555
2026-06-01,sell_absorption,-0.039647138056903154
2026-06-01,buy_absorption,-0.129570222527397
2026-06-01,price_flow_efficiency_4h,0.04585783304422026
2026-06-01,max_trade_share,-0.021446698698950575
2026-07-01,return_1h,0.12852315592151917
2026-07-01,return_3h,0.028885948728982123
2026-07-01,return_6h,-0.03616757771553036
2026-07-01,return_12h,0.0022624242350130293
2026-07-01,return_24h,0.2176182450666961
2026-07-01,return_72h,-0.15219828222646614
2026-07-01,close_location,-0.018784981099353563
2026-07-01,body_fraction,-0.056212884929154217
2026-07-01,range_over_atr,0.22721221959593352
2026-07-01,distance_high_24h,-0.11090911763726577
2026-07-01,distance_low_24h,-0.20518783532526827
2026-07-01,realized_vol_24h,0.004463623917528872
2026-07-01,volume_relative_24h,-0.14490878610728788
2026-07-01,trades_relative_24h,-0.0657459188548064
2026-07-01,delta_ratio_1h,-0.0066066365893482255
2026-07-01,delta_ratio_4h,-0.06641096629224527
2026-07-01,delta_ratio_24h,0.03076669175925679
2026-07-01,large_delta_ratio_1h,0.012635612774336571
2026-07-01,large_delta_ratio_4h,0.04475930965037988
2026-07-01,taker_buy_ratio_4h,-0.06641096629217123
2026-07-01,sell_absorption,-0.046749288255340235
2026-07-01,buy_absorption,-0.07824964400501876
2026-07-01,price_flow_efficiency_4h,0.011434401000007617
2026-07-01,max_trade_share,-0.03489643543341382
