sleeve,side,entry_time,exit_time,bars,days,gross_contribution,max_notional
core,SHORT,2022-01-01 00:00:00,2022-02-02 00:15:00,3073,32.010416666666664,0.01599434749047339,0.048556196921248636
core,LONG,2022-02-02 00:15:00,2022-02-19 00:15:00,1632,17.0,0.001416163222379075,0.09353856306052324
core,SHORT,2022-02-19 00:15:00,2022-03-02 00:15:00,1056,11.0,-0.0034663078170168353,0.04167641146139073
core,LONG,2022-03-02 00:15:00,2022-04-08 00:15:00,3552,37.0,0.013270046066501104,0.1963996513595939
core,SHORT,2022-04-08 00:15:00,2022-06-25 00:15:00,7488,78.0,0.11289394648827575,0.196703476391091
core,LONG,2022-06-25 00:15:00,2022-07-01 00:15:00,576,6.0,-0.0038097683537405345,0.028151226654084774
core,SHORT,2022-07-01 00:15:00,2022-07-18 00:15:00,1632,17.0,-0.0280303472979289,0.10541387073428775
core,LONG,2022-07-18 00:15:00,2022-08-21 00:15:00,3264,34.0,0.007262574721070585,0.03721983559049019
core,SHORT,2022-08-21 00:15:00,2022-09-07 00:15:00,1632,17.0,-0.0055876697325209,0.13438944298230948
core,LONG,2022-09-07 00:15:00,2022-09-17 00:15:00,960,10.0,-0.005655394622386212,0.042267089719115254
core,SHORT,2022-09-17 00:15:00,2022-10-26 00:15:00,3744,39.0,-0.01036327064181376,0.2602842574893558
core,LONG,2022-10-26 00:15:00,2022-11-09 00:15:00,1344,14.0,0.009461814089430632,0.08971540568765107
core,SHORT,2022-11-09 00:15:00,2022-12-01 00:15:00,2112,22.0,0.029560195004369648,0.17590623697945035
core,LONG,2022-12-01 00:15:00,2022-12-08 00:15:00,672,7.0,-0.000949340781891639,0.03164597966625032
core,SHORT,2022-12-08 00:15:00,2022-12-14 00:15:00,576,6.0,-0.013074302444691006,0.2245626168514451
core,LONG,2022-12-14 00:15:00,2022-12-17 00:15:00,288,3.0,-0.007041381418165188,0.07431188127081957
core,SHORT,2022-12-17 00:15:00,2023-01-05 00:15:00,1824,19.0,-0.011897375212750916,0.2431298517420524
core,LONG,2023-01-05 00:15:00,2023-02-11 00:15:00,3552,37.0,0.016938151630408356,0.08481512002671523
core,SHORT,2023-02-11 00:15:00,2023-02-17 00:15:00,576,6.0,-0.021535645990963723,0.2044747931720529
core,LONG,2023-02-17 00:15:00,2023-03-11 00:15:00,2112,22.0,-0.01069371749321736,0.06456137870261686
core,SHORT,2023-03-11 00:15:00,2023-03-15 00:15:00,384,4.0,-0.03158921236432693,0.18298494203519092
core,LONG,2023-03-15 00:15:00,2023-04-26 00:15:00,4032,42.0,-0.001169807514235074,0.04362779645633656
core,SHORT,2023-04-26 00:15:00,2023-05-06 00:15:00,960,10.0,-0.010729357434133523,0.11986553825876534
core,LONG,2023-05-06 00:15:00,2023-05-13 00:15:00,672,7.0,-0.003940233272488719,0.03481744756649992
core,SHORT,2023-05-13 00:15:00,2023-05-24 00:15:00,1056,11.0,-0.005038288793364279,0.11107388784467077
core,LONG,2023-05-24 00:15:00,2023-06-06 00:15:00,1248,13.0,-0.001008124698017877,0.1380909486279265
core,SHORT,2023-06-06 00:15:00,2023-06-22 00:15:00,1536,16.0,-0.0001027425846918859,0.14421399710789537
core,LONG,2023-06-22 00:15:00,2023-07-25 00:15:00,3168,33.0,-0.0017660673655795528,0.1662211420878947
core,SHORT,2023-07-25 00:15:00,2023-08-30 00:15:00,3456,36.0,-0.007417288099601447,0.6
core,LONG,2023-08-30 00:15:00,2023-09-12 00:15:00,1248,13.0,-0.010951614110135933,0.2043086324612646
core,SHORT,2023-09-12 00:15:00,2023-09-30 00:15:00,1728,18.0,-0.0034277870482069214,0.0834817514854653
core,LONG,2023-09-30 00:15:00,2023-10-10 00:15:00,960,10.0,-0.005082562471364132,0.09760500104343389
core,SHORT,2023-10-10 00:15:00,2023-10-24 00:15:00,1344,14.0,-0.00225580087639775,0.03400098903388356
core,LONG,2023-10-24 00:15:00,2024-01-04 00:15:00,6912,72.0,0.024752438948075557,0.16459994634999542
core,SHORT,2024-01-04 00:15:00,2024-01-11 00:15:00,672,7.0,-0.003467418194512671,0.040359987639319306
core,LONG,2024-01-11 00:15:00,2024-03-16 00:15:00,6240,65.0,0.04483617284224565,0.2863245647376288
core,SHORT,2024-03-16 00:15:00,2024-03-27 00:15:00,1056,11.0,0.0011783026213907815,0.03895231111183475
core,LONG,2024-03-27 00:15:00,2024-04-02 00:15:00,576,6.0,-0.0028141029127929347,0.0890764597457862
core,SHORT,2024-04-02 00:15:00,2024-04-09 00:15:00,672,7.0,-0.0015674462183539865,0.029765085637713462
core,LONG,2024-04-09 00:15:00,2024-04-15 00:15:00,576,6.0,-0.013456368166107437,0.0874373616679387
core,SHORT,2024-04-15 00:15:00,2024-04-29 00:15:00,1344,14.0,-0.002352332415740721,0.02814112890409596
core,LONG,2024-04-29 00:15:00,2024-05-01 00:15:00,192,2.0,-0.008531501694841978,0.08490068586941675
core,SHORT,2024-05-01 00:15:00,2024-05-18 00:15:00,1632,17.0,-0.001410568535843501,0.03299950281219839
core,LONG,2024-05-18 00:15:00,2024-06-09 00:15:00,2112,22.0,0.019465608209241533,0.10501406531123304
core,SHORT,2024-06-09 00:15:00,2024-07-16 00:15:00,3552,37.0,0.001890298404814997,0.03595969379681171
core,LONG,2024-07-16 00:15:00,2024-07-26 00:15:00,960,10.0,-0.006443098383648768,0.10739588832799943
core,SHORT,2024-07-26 00:15:00,2024-08-25 00:15:00,2880,30.0,0.003729524026932568,0.03699324506216079
core,LONG,2024-08-25 00:15:00,2024-08-29 00:15:00,384,4.0,-0.007909180573099195,0.07336174277068883
core,SHORT,2024-08-29 00:15:00,2024-09-21 00:15:00,2208,23.0,-0.0019008488337313703,0.03531249094542685
core,LONG,2024-09-21 00:15:00,2024-10-02 00:15:00,1056,11.0,-0.0017124478306870222,0.0982374885629412
core,SHORT,2024-10-02 00:15:00,2024-10-15 00:15:00,1248,13.0,-0.0013086166523604273,0.03266344754571413
core,LONG,2024-10-15 00:15:00,2024-12-20 00:15:00,6336,66.0,0.029934293553016817,0.10865090716464587
core,SHORT,2024-12-20 00:15:00,2025-01-04 00:15:00,1440,15.0,-0.0002318305825505418,0.025367660817393323
core,LONG,2025-01-04 00:15:00,2025-01-11 00:15:00,672,7.0,-0.0077082405638550094,0.0804133821840107
core,SHORT,2025-01-11 00:15:00,2025-03-20 00:15:00,6528,68.0,0.017366937773392956,0.1492727729838731
core,LONG,2025-03-20 00:15:00,2025-03-30 00:15:00,960,10.0,-0.002247088785886391,0.024785087698315365
core,SHORT,2025-03-30 00:15:00,2025-04-23 00:15:00,2304,24.0,0.0030115703265200886,0.16555831937076682
core,LONG,2025-04-23 00:15:00,2025-06-22 00:15:00,5760,60.0,0.020187583277278084,0.07067533363140613
core,SHORT,2025-06-22 00:15:00,2025-07-04 00:15:00,1152,12.0,-0.007853330642183253,0.17253967182669103
core,LONG,2025-07-04 00:15:00,2025-08-03 00:15:00,2880,30.0,0.011196068951468465,0.2003090010521398
core,SHORT,2025-08-03 00:15:00,2025-08-09 00:15:00,576,6.0,-0.007908671626856071,0.06116792765236035
core,LONG,2025-08-09 00:15:00,2025-09-23 00:15:00,4320,45.0,0.012376511618187147,0.18823978213424036
core,SHORT,2025-09-23 00:15:00,2025-10-07 00:15:00,1344,14.0,-0.008213689619089424,0.07352517453783175
core,LONG,2025-10-07 00:15:00,2025-11-04 00:15:00,2688,28.0,-0.031095572425277402,0.2147614704781787
core,SHORT,2025-11-04 00:15:00,2025-12-05 00:15:00,2976,31.0,-0.0024778263017802126,0.18961684103915574
core,LONG,2025-12-05 00:15:00,2025-12-18 00:15:00,1248,13.0,-0.0022199802927684734,0.02383399931197939
core,SHORT,2025-12-18 00:15:00,2026-01-03 00:15:00,1536,16.0,-0.00624987151345097,0.09388791647615705
core,LONG,2026-01-03 00:15:00,2026-01-21 00:15:00,1728,18.0,0.00046280894349564434,0.1547642303453831
core,SHORT,2026-01-21 00:15:00,2026-02-26 00:15:00,3456,36.0,0.0271951928499333,0.1882558257144842
core,LONG,2026-02-26 00:15:00,2026-03-23 00:15:00,2400,25.0,-0.00046034970621004496,0.14891424064255918
core,SHORT,2026-03-23 00:15:00,2026-04-09 00:15:00,1632,17.0,-0.002887141336569381,0.06705720465290471
core,LONG,2026-04-09 00:15:00,2026-05-13 00:15:00,3264,34.0,0.003939777342595551,0.1687597591204786
core,SHORT,2026-05-13 00:15:00,2026-06-16 00:15:00,3264,34.0,0.03661656177885453,0.3171991835074644
core,LONG,2026-06-16 00:15:00,2026-06-24 00:15:00,768,8.0,-0.005088756431903489,0.05979811471240125
core,SHORT,2026-06-24 00:15:00,2026-07-05 00:15:00,1056,11.0,-0.010312610022577835,0.1428683434051414
core,LONG,2026-07-05 00:15:00,2026-08-15 23:45:00,4030,41.979166666666664,0.003829912674011259,0.11001403137857231
swing_long,LONG,2022-01-28 11:15:00,2022-01-31 11:15:00,288,3.0,0.0014068915234695038,0.0505119768689375
swing_long,LONG,2022-04-23 20:30:00,2022-04-25 08:15:00,143,1.4895833333333333,-0.0032334719433088897,0.14376397476842787
swing_long,LONG,2022-05-01 09:45:00,2022-05-01 10:00:00,1,0.010416666666666666,9.392690319387498e-05,0.25
swing_long,LONG,2022-06-16 02:45:00,2022-06-18 15:00:00,241,2.5104166666666665,-0.0027855052410648506,0.01962124288113944
swing_long,LONG,2022-08-29 20:30:00,2022-08-30 13:00:00,66,0.6875,0.005690537130982755,0.08899544265073901
swing_long,LONG,2022-09-28 18:30:00,2022-09-30 23:15:00,211,2.1979166666666665,0.0062149043275886405,0.1116179471419786
swing_long,LONG,2022-10-11 02:00:00,2022-10-11 06:15:00,17,0.17708333333333334,-0.0036044581960214053,0.2197808953153238
swing_long,LONG,2022-11-17 23:30:00,2022-11-20 19:45:00,273,2.84375,-0.003915639801680418,0.10140166099213999
swing_long,LONG,2022-12-28 06:15:00,2022-12-28 11:15:00,20,0.20833333333333334,-0.004509457518097892,0.25
swing_long,LONG,2023-01-01 19:00:00,2023-01-02 15:30:00,82,0.8541666666666666,0.0034258417007786146,0.25
swing_long,LONG,2023-02-11 16:45:00,2023-02-12 02:45:00,40,0.4166666666666667,-0.0017614491362550055,0.25
swing_long,LONG,2023-05-18 01:00:00,2023-05-19 02:00:00,100,1.0416666666666667,-0.0016039904292538926,0.11103042307500673
swing_long,LONG,2023-07-25 10:45:00,2023-07-28 10:45:00,288,3.0,0.00035126323722077524,0.125
swing_long,LONG,2023-08-21 20:15:00,2023-08-21 23:30:00,13,0.13541666666666666,-0.0017396416502801632,0.125
swing_long,LONG,2023-08-22 03:45:00,2023-08-22 21:45:00,72,0.75,-0.0008170110553132742,0.125
swing_long,LONG,2023-09-18 08:00:00,2023-09-18 08:45:00,3,0.03125,-0.00032170120760800086,0.0625
swing_long,LONG,2023-09-18 15:30:00,2023-09-21 15:30:00,288,3.0,-0.00030393009746175665,0.03333490871825126
swing_long,LONG,2023-10-19 18:15:00,2023-10-20 00:30:00,25,0.2604166666666667,0.0006169846244637386,0.0625
swing_long,LONG,2024-01-06 07:15:00,2024-01-08 08:45:00,198,2.0625,-0.0014273585718811987,0.04574853401852738
swing_long,LONG,2024-01-09 02:00:00,2024-01-11 00:15:00,185,1.9270833333333333,0.0018737291079197185,0.03248459274850356
swing_long,LONG,2024-03-18 06:45:00,2024-03-18 22:45:00,64,0.6666666666666666,-0.0016063507094014823,0.03424994511744866
swing_long,LONG,2024-04-18 19:15:00,2024-04-19 09:45:00,58,0.6041666666666666,-0.0015238116165768438,0.05280329687300227
swing_long,LONG,2024-04-27 19:30:00,2024-04-28 02:00:00,26,0.2708333333333333,0.0029125422683658,0.07044449211627157
swing_long,LONG,2024-05-15 11:15:00,2024-05-15 21:45:00,42,0.4375,0.0026439925462650414,0.10497934554540084
swing_long,LONG,2024-07-31 10:30:00,2024-08-01 04:30:00,72,0.75,-0.0012909997032948938,0.0644333091647735
swing_long,LONG,2024-08-04 19:30:00,2024-08-04 22:45:00,13,0.13541666666666666,-0.0015781445232273463,0.08786937487098295
swing_long,LONG,2024-08-12 18:30:00,2024-08-15 18:30:00,288,3.0,8.354629537214286e-05,0.034553965858890714
swing_long,LONG,2024-08-21 14:15:00,2024-08-21 21:45:00,30,0.3125,-0.0015319073575763848,0.08128176756086233
swing_long,LONG,2024-08-22 01:30:00,2024-08-25 00:15:00,283,2.9479166666666665,0.00221227547908598,0.04154959912852383
swing_long,LONG,2024-09-11 21:00:00,2024-09-11 22:00:00,4,0.041666666666666664,-0.0021448482699270525,0.10723145268186522
swing_long,LONG,2024-09-12 01:15:00,2024-09-15 01:15:00,288,3.0,0.0009615643059231185,0.04079257209092482
swing_long,LONG,2024-10-11 00:00:00,2024-10-11 02:00:00,8,0.08333333333333333,-0.0011950004405561427,0.08954432466933876
swing_long,LONG,2025-01-11 00:15:00,2025-01-13 09:45:00,230,2.3958333333333335,0.0005661496542452198,0.05372939364509152
swing_long,LONG,2025-01-19 07:30:00,2025-01-19 16:30:00,36,0.375,-0.001547105603744512,0.08369952974535715
swing_long,LONG,2025-01-23 21:45:00,2025-01-24 07:30:00,39,0.40625,0.0030987535091962686,0.09300211874575748
swing_long,LONG,2025-02-05 14:00:00,2025-02-08 04:45:00,251,2.6145833333333335,-0.0015012295295677564,0.024196266090691275
swing_long,LONG,2025-02-17 16:15:00,2025-02-17 23:00:00,27,0.28125,0.0029628478883457535,0.06296010706588119
swing_long,LONG,2025-03-05 05:30:00,2025-03-08 05:30:00,288,3.0,-0.0003458156948005944,0.013697034524869247
swing_long,LONG,2025-03-31 09:30:00,2025-04-01 23:30:00,152,1.5833333333333333,0.0026137029589847526,0.05091846744583636
swing_long,LONG,2025-04-22 15:30:00,2025-04-22 23:15:00,31,0.3229166666666667,0.003063723753670029,0.039494713673051615
swing_long,LONG,2025-06-23 15:00:00,2025-06-26 15:00:00,288,3.0,0.004648127910381192,0.04548784638559286
swing_long,LONG,2025-08-03 18:15:00,2025-08-05 05:30:00,141,1.46875,0.005368371877573984,0.08056030834516253
swing_long,LONG,2025-09-24 19:15:00,2025-09-25 10:30:00,61,0.6354166666666666,-0.002587312944430077,0.09743213503694118
swing_long,LONG,2025-11-08 00:30:00,2025-11-10 07:15:00,219,2.28125,0.002758908322977585,0.035617121084847096
swing_long,LONG,2025-11-17 10:15:00,2025-11-18 03:45:00,70,0.7291666666666666,-0.0015739579383210317,0.03009620498253281
swing_long,LONG,2025-11-30 20:45:00,2025-12-01 08:15:00,46,0.4791666666666667,-0.0036268046111290106,0.09937319615367098
swing_long,LONG,2025-12-25 00:45:00,2025-12-28 00:45:00,288,3.0,-0.0004713865888602874,0.0713138463775245
swing_long,LONG,2025-12-30 16:15:00,2026-01-02 16:15:00,288,3.0,0.000823167773253897,0.06087616591171124
swing_long,LONG,2026-02-11 08:30:00,2026-02-11 12:30:00,16,0.16666666666666666,-0.0017450660650292652,0.082641538016341
swing_long,LONG,2026-03-31 21:15:00,2026-04-02 01:15:00,112,1.1666666666666667,0.002643097977821283,0.05918444696297733
swing_long,LONG,2026-04-06 02:45:00,2026-04-06 17:30:00,59,0.6145833333333334,0.0030388240704154615,0.06787150273673317
swing_long,LONG,2026-06-26 14:30:00,2026-06-29 14:30:00,288,3.0,0.0013926839582232447,0.08859481955266552
swing_long,LONG,2026-06-29 18:15:00,2026-06-29 22:15:00,16,0.16666666666666666,-0.002925149045380095,0.19896066432258483
swing_short,SHORT,2022-02-10 11:00:00,2022-02-10 19:45:00,35,0.3645833333333333,-0.0025486343607556083,0.1003496162008043
swing_short,SHORT,2022-03-20 06:15:00,2022-03-22 11:30:00,213,2.21875,-0.003978598482674071,0.12951196065327647
swing_short,SHORT,2022-03-23 07:45:00,2022-03-23 23:45:00,64,0.6666666666666666,-0.0034518519550067236,0.15800230252897865
swing_short,SHORT,2022-04-04 09:00:00,2022-04-06 22:00:00,244,2.5416666666666665,0.0059331500532876355,0.0926477685603075
swing_short,SHORT,2022-06-26 21:00:00,2022-06-27 02:30:00,22,0.22916666666666666,0.004960818813567776,0.24229957864776583
swing_short,SHORT,2022-06-27 13:30:00,2022-06-29 08:15:00,171,1.78125,0.005098516140038596,0.08861747526274397
swing_short,SHORT,2022-07-25 08:30:00,2022-07-27 03:15:00,171,1.78125,0.006162310048105327,0.04581946250858559
swing_short,SHORT,2022-08-04 06:30:00,2022-08-05 19:30:00,148,1.5416666666666667,-0.003315099361646923,0.08212330179990035
swing_short,SHORT,2022-09-12 06:00:00,2022-09-13 21:30:00,158,1.6458333333333333,0.005944808493458015,0.08452094430655087
swing_short,SHORT,2022-11-03 04:15:00,2022-11-04 22:15:00,168,1.75,-0.003218754329883312,0.0409489568531301
swing_short,SHORT,2022-12-03 14:15:00,2022-12-06 14:15:00,288,3.0,0.0021323138875866503,0.11969996735879272
swing_short,SHORT,2023-02-05 07:45:00,2023-02-06 02:15:00,74,0.7708333333333334,0.004956235366897963,0.1992891854893896
swing_short,SHORT,2023-02-28 02:30:00,2023-03-01 17:00:00,154,1.6041666666666667,-0.002492053099837977,0.10198563990594545
swing_short,SHORT,2023-03-27 04:45:00,2023-03-29 14:30:00,231,2.40625,-0.0016683723542663302,0.05697279441120851
swing_short,SHORT,2023-04-01 13:30:00,2023-04-03 09:45:00,177,1.84375,0.0030611372191467197,0.10849947379319912
swing_short,SHORT,2023-06-05 07:00:00,2023-06-05 11:00:00,16,0.16666666666666666,0.0017200300145187308,0.125
swing_short,SHORT,2023-09-04 09:30:00,2023-09-07 02:00:00,258,2.6875,-0.0005232817135096268,0.0625
swing_short,SHORT,2023-10-07 11:00:00,2023-10-09 18:00:00,220,2.2916666666666665,0.001516601464864259,0.05085624627301878
swing_short,SHORT,2023-10-30 10:30:00,2023-10-30 16:45:00,25,0.2604166666666667,-0.0007964105170831337,0.042277986785115754
swing_short,SHORT,2023-10-31 15:00:00,2023-11-01 08:30:00,70,0.7291666666666666,-0.0006890116228679161,0.04955629663124574
swing_short,SHORT,2023-11-29 22:45:00,2023-12-01 09:45:00,140,1.4583333333333333,-0.0008376125608883047,0.044491971574193614
swing_short,SHORT,2023-12-09 22:45:00,2023-12-11 10:15:00,142,1.4791666666666667,0.003550054532069798,0.05698906311005995
swing_short,SHORT,2023-12-19 20:45:00,2023-12-19 23:15:00,10,0.10416666666666667,0.00227331096279397,0.125
swing_short,SHORT,2023-12-20 01:00:00,2023-12-20 22:45:00,87,0.90625,-0.0013229664312332013,0.04036131397808863
swing_short,SHORT,2024-01-28 23:00:00,2024-01-30 01:15:00,105,1.09375,-0.0006497829651396977,0.0465965852169558
swing_short,SHORT,2024-02-23 11:00:00,2024-02-25 10:30:00,190,1.9791666666666667,-0.0015375280240729873,0.04401738043565688
swing_short,SHORT,2024-03-07 11:45:00,2024-03-08 04:45:00,68,0.7083333333333334,-0.0015866238095596694,0.04026461334775929
swing_short,SHORT,2024-06-03 22:45:00,2024-06-06 02:00:00,205,2.1354166666666665,-0.0014797904872926259,0.09190786945955336
swing_short,SHORT,2024-07-17 16:15:00,2024-07-18 00:45:00,34,0.3541666666666667,0.0027758218293045204,0.10739456980003285
swing_short,SHORT,2024-09-24 07:30:00,2024-09-27 07:30:00,288,3.0,0.00024409578216028196,0.05935460340549322
swing_short,SHORT,2024-10-18 17:45:00,2024-10-18 23:45:00,24,0.25,-0.0014689058817098104,0.1180997873216244
swing_short,SHORT,2024-10-19 15:15:00,2024-10-20 22:15:00,124,1.2916666666666667,-0.002417003809246296,0.125
swing_short,SHORT,2024-10-26 01:45:00,2024-10-29 01:45:00,288,3.0,-0.00021222189482183036,0.057580137583419004
swing_short,SHORT,2024-11-13 10:30:00,2024-11-13 23:00:00,50,0.5208333333333334,-0.0015747671857806156,0.053453346503906735
swing_short,SHORT,2024-12-01 08:45:00,2024-12-01 23:45:00,60,0.625,-0.0011585077450583456,0.10994326922259764
swing_short,SHORT,2024-12-02 16:30:00,2024-12-04 23:00:00,218,2.2708333333333335,-0.0016088540806008704,0.0357901179560316
swing_short,SHORT,2025-01-06 16:45:00,2025-01-06 23:00:00,25,0.2604166666666667,-0.0010931275255915956,0.08583955205023881
swing_short,SHORT,2025-04-27 12:45:00,2025-04-30 12:45:00,288,3.0,-0.00020634195626275135,0.04572560581993312
swing_short,SHORT,2025-05-02 12:45:00,2025-05-02 16:15:00,14,0.14583333333333334,0.001433579393233117,0.125
swing_short,SHORT,2025-05-07 18:30:00,2025-05-08 02:00:00,30,0.3125,0.0026733525960287996,0.125
swing_short,SHORT,2025-06-08 08:15:00,2025-06-10 00:30:00,161,1.6770833333333333,-0.004460432593053885,0.22515424254883
swing_short,SHORT,2025-08-11 18:45:00,2025-08-12 00:15:00,22,0.22916666666666666,-0.0026761500067914684,0.11478420499608488
swing_short,SHORT,2025-08-25 04:15:00,2025-08-28 04:15:00,288,3.0,0.0022263919606353676,0.061311885206886615
swing_short,SHORT,2025-09-04 13:15:00,2025-09-05 20:45:00,126,1.3125,-0.0015238603745944292,0.11608698617506881
swing_short,SHORT,2025-10-15 20:30:00,2025-10-17 15:15:00,171,1.78125,0.0030038488062854394,0.040343731059231405
swing_short,SHORT,2026-01-04 20:45:00,2026-01-05 09:00:00,49,0.5104166666666666,-0.0013645771783034888,0.125
swing_short,SHORT,2026-03-03 10:15:00,2026-03-04 17:00:00,123,1.28125,-0.001508663346917366,0.05336758466131086
swing_short,SHORT,2026-04-11 13:15:00,2026-04-11 23:30:00,41,0.4270833333333333,-0.0009258665852424908,0.125
swing_short,SHORT,2026-07-07 10:30:00,2026-07-10 10:30:00,288,3.0,0.0006119856808958529,0.0925058894747074
swing_short,SHORT,2026-07-23 07:15:00,2026-07-24 21:15:00,152,1.5833333333333333,0.005668199305347062,0.17220890275987646
swing_short,SHORT,2026-07-30 08:45:00,2026-08-02 08:45:00,288,3.0,0.003432040180458975,0.12767897631608466
swing_short,SHORT,2026-08-05 15:30:00,2026-08-05 20:30:00,20,0.20833333333333334,-0.0024928177133349827,0.25
swing_short,SHORT,2026-08-10 08:30:00,2026-08-11 23:45:00,157,1.6354166666666667,0.006465893763857689,0.22491226499051256
