timestamp,side,bar_time,bar_open,bar_high,bar_low,bar_close,bar_range,prior_range_q95,close_location,delta_ratio,available_time
2022-02-22 00:00:00,long,2022-02-21 20:00:00,2627.14,2750.0,2581.36,2723.95,0.0653299036166981,0.06106167348059661,0.845528937381403,0.02901593712289812,2022-02-22 00:00:00
2022-02-24 12:00:00,short,2022-02-24 08:00:00,2579.4,2593.54,2385.66,2396.54,0.0871373121065031,0.06110802592907184,0.052337887242640484,-0.058784721642376754,2022-02-24 12:00:00
2022-02-25 04:00:00,long,2022-02-25 00:00:00,2454.99,2600.0,2428.36,2596.01,0.07068144756131711,0.0627877958312026,0.9767536704730845,0.038700971213433855,2022-02-25 04:00:00
2022-02-28 04:00:00,short,2022-02-28 00:00:00,2809.34,2811.0,2591.88,2605.92,0.08454095096995218,0.06402487363673737,0.06407447973713021,-0.11224614492946858,2022-02-28 04:00:00
2022-03-01 00:00:00,long,2022-02-28 20:00:00,2639.8,2828.0,2607.0,2815.36,0.08477176831607203,0.06430176873141347,0.942805429864254,0.04962167029101718,2022-03-01 00:00:00
2022-03-08 04:00:00,short,2022-03-08 00:00:00,2617.63,2642.63,2446.48,2459.43,0.08017641672934173,0.06383950738276273,0.06602090237063377,-0.04993380474845173,2022-03-08 04:00:00
2022-05-06 00:00:00,short,2022-05-05 20:00:00,2927.0,2937.31,2720.0,2741.87,0.07989338235294108,0.05497620766017358,0.1006396392250697,-0.038183786114684114,2022-05-06 00:00:00
2022-05-12 04:00:00,short,2022-05-12 00:00:00,2265.06,2284.26,2093.31,2117.29,0.09121916964042609,0.05949981339696317,0.12558261324954167,-0.010029260122932496,2022-05-12 04:00:00
2022-05-12 12:00:00,short,2022-05-12 08:00:00,2083.8,2194.88,1967.0,1968.35,0.11585155058464669,0.05989732383299826,0.005924170616113342,-0.011126332764202707,2022-05-12 12:00:00
2022-05-13 12:00:00,long,2022-05-13 08:00:00,1959.99,2110.99,1940.21,2095.29,0.08802139974538825,0.06104313250120652,0.9080688605223103,0.04894286543945664,2022-05-13 12:00:00
2022-06-13 00:00:00,long,2022-06-12 20:00:00,1468.76,1547.75,1428.26,1526.5,0.08366123814991666,0.06088552810776387,0.8221608502803582,0.022067703592198052,2022-06-13 00:00:00
2022-06-13 16:00:00,short,2022-06-13 12:00:00,1351.05,1386.66,1260.6,1283.46,0.10000000000000009,0.06130905447824603,0.1813422179914334,-0.008882007337764397,2022-06-13 16:00:00
2022-06-14 16:00:00,long,2022-06-14 12:00:00,1173.14,1255.0,1135.3,1240.79,0.10543468686690738,0.06290713016183698,0.8812865497076021,0.04800313092044385,2022-06-14 16:00:00
2022-06-15 00:00:00,long,2022-06-14 20:00:00,1175.12,1262.43,1157.5,1250.36,0.0906522678185746,0.0637771842120661,0.8849709330029528,0.04626711747919418,2022-06-15 00:00:00
2022-06-15 16:00:00,short,2022-06-15 12:00:00,1173.56,1175.93,1080.36,1094.12,0.08846125365618884,0.06405103757596707,0.14397823584806912,-0.02895973095404329,2022-06-15 16:00:00
2022-06-15 20:00:00,long,2022-06-15 16:00:00,1094.31,1134.18,1013.0,1119.68,0.11962487660414611,0.06433397696860182,0.8803432909721076,0.01504370117250832,2022-06-15 20:00:00
2022-06-16 08:00:00,long,2022-06-16 04:00:00,1171.0,1252.31,1153.2,1237.4,0.0859434616718695,0.0658150307978719,0.849561093734236,0.01441338304456676,2022-06-16 08:00:00
2022-06-18 16:00:00,short,2022-06-18 12:00:00,1079.16,1083.4,985.0,1003.2,0.09989847715736055,0.06660199100482667,0.18495934959349622,-0.028916338955382176,2022-06-18 16:00:00
2022-06-19 04:00:00,short,2022-06-19 00:00:00,990.2,1000.0,912.16,914.5,0.09629889493071397,0.06725187317757345,0.026639344262295434,-0.02908841195791706,2022-06-19 04:00:00
2022-06-19 08:00:00,long,2022-06-19 04:00:00,914.69,1016.81,878.73,994.68,0.15713586653465783,0.06770244206664533,0.8397305909617613,0.05150842709210466,2022-06-19 08:00:00
2022-06-19 20:00:00,long,2022-06-19 16:00:00,955.75,1080.0,952.54,1055.22,0.13381065362084543,0.0694154361673839,0.8055860662168526,0.08563617254177118,2022-06-19 20:00:00
2022-06-20 20:00:00,long,2022-06-20 16:00:00,1079.72,1171.64,1076.36,1152.87,0.08852056932624786,0.07137438741712869,0.8030016792611233,0.042383681883925585,2022-06-20 20:00:00
2022-07-01 08:00:00,long,2022-07-01 04:00:00,1020.79,1085.0,1004.23,1071.54,0.08042978202204676,0.07071209221007858,0.8333539680574465,0.04611337628686346,2022-07-01 08:00:00
2022-07-19 08:00:00,long,2022-07-19 04:00:00,1472.59,1598.04,1461.51,1581.17,0.09341708233265589,0.07134880118650491,0.8764374130227797,0.059075973505257624,2022-07-19 08:00:00
2022-07-19 12:00:00,short,2022-07-19 08:00:00,1581.27,1635.5,1511.1,1516.33,0.08232413473628486,0.07188559065126063,0.042041800643086935,-0.01643449682665762,2022-07-19 12:00:00
2022-07-25 12:00:00,short,2022-07-25 08:00:00,1597.89,1609.69,1498.22,1511.88,0.07440162325960142,0.06858330276566679,0.12254418229120013,-0.04915007180967368,2022-07-25 12:00:00
2022-07-26 08:00:00,short,2022-07-26 04:00:00,1494.53,1543.0,1435.0,1441.36,0.07526132404181185,0.06890108565910703,0.058888888888887964,-0.03823041273103543,2022-07-26 08:00:00
2022-07-27 08:00:00,long,2022-07-27 04:00:00,1365.78,1454.42,1354.58,1448.5,0.07370550281268007,0.06890108565910703,0.9407051282051275,0.05306142836862598,2022-07-27 08:00:00
2022-07-28 04:00:00,long,2022-07-28 00:00:00,1488.94,1614.77,1477.66,1588.18,0.09278859818902863,0.07065383006678892,0.8060681204872006,0.041015906873476414,2022-07-28 04:00:00
2022-07-29 00:00:00,long,2022-07-28 20:00:00,1641.25,1758.07,1595.0,1728.23,0.10223824451410657,0.07071209221007858,0.8170110995278106,0.03991499596692312,2022-07-29 00:00:00
2022-08-11 00:00:00,long,2022-08-10 20:00:00,1706.87,1855.0,1703.4,1837.38,0.08899847364095326,0.07129578425751384,0.8837730870712408,0.04619996770156165,2022-08-11 00:00:00
2022-08-27 00:00:00,short,2022-08-26 20:00:00,1629.58,1706.59,1584.04,1593.63,0.07736547056892507,0.0706844747155504,0.07825377396980945,-0.006488658606428237,2022-08-27 00:00:00
2022-09-07 04:00:00,short,2022-09-07 00:00:00,1669.4,1674.82,1562.36,1576.81,0.07198084948411387,0.06858330276566679,0.12849012982393776,-0.02694885751445979,2022-09-07 04:00:00
2022-09-14 00:00:00,short,2022-09-13 20:00:00,1737.38,1762.62,1575.0,1593.85,0.11912380952380941,0.06890108565910703,0.10046903315211556,-0.00854675992190907,2022-09-14 00:00:00
2022-11-10 00:00:00,short,2022-11-09 20:00:00,1219.77,1249.0,1146.0,1163.39,0.0898778359511343,0.06790261296211776,0.16883495145631164,-0.009352660725204588,2022-11-10 00:00:00
2022-11-10 12:00:00,long,2022-11-10 08:00:00,1102.05,1186.0,1084.18,1172.96,0.09391429467431611,0.06790261296211776,0.8719308583775293,0.04806918169307768,2022-11-10 12:00:00
2022-11-11 00:00:00,long,2022-11-10 20:00:00,1187.02,1344.0,1185.61,1319.9,0.13359367751621543,0.06858330276566679,0.8478439295410071,0.03006496663837301,2022-11-11 00:00:00
2023-03-15 00:00:00,long,2023-03-14 20:00:00,1683.82,1780.0,1669.79,1770.29,0.06600231166793424,0.04842939500105455,0.9118954722801921,0.010711972297457045,2023-03-15 00:00:00
2023-03-23 04:00:00,short,2023-03-23 00:00:00,1806.55,1811.98,1710.0,1717.26,0.05963742690058482,0.04731897559184269,0.07119042949597951,-0.052036929055148166,2023-03-23 04:00:00
2023-03-24 00:00:00,long,2023-03-23 20:00:00,1755.03,1858.88,1741.67,1837.72,0.06729747885649973,0.04731897559184269,0.8194693285555833,0.05592115575810317,2023-03-24 00:00:00
2023-04-27 04:00:00,short,2023-04-27 00:00:00,1953.96,1958.95,1817.77,1828.59,0.07766659148297084,0.04588241332638578,0.07663975067289935,-0.0488437234613732,2023-04-27 04:00:00
2023-04-27 08:00:00,long,2023-04-27 04:00:00,1828.58,1883.9,1782.2,1865.75,0.05706430254741335,0.04686871725830134,0.821533923303834,0.008806552842992404,2023-04-27 08:00:00
2023-06-10 16:00:00,short,2023-06-10 12:00:00,1827.37,1830.63,1723.55,1732.73,0.06212758550665787,0.038978725464049506,0.08573029510646293,-0.06338021857605498,2023-06-10 16:00:00
2023-06-21 04:00:00,long,2023-06-21 00:00:00,1732.2,1794.6,1728.0,1781.96,0.038541666666666696,0.03842350548943632,0.8102102102102119,0.011581779872727188,2023-06-21 04:00:00
2023-07-15 04:00:00,short,2023-07-15 00:00:00,1998.54,2000.85,1896.27,1912.86,0.055150374155578996,0.03769648863809271,0.15863453815260978,-0.04755783823139626,2023-07-15 04:00:00
2023-10-25 00:00:00,short,2023-10-24 20:00:00,1845.95,1855.0,1762.0,1778.17,0.05278093076049939,0.0280816941724583,0.17387096774193628,-0.04814322196985622,2023-10-25 00:00:00
2023-10-26 16:00:00,long,2023-10-26 12:00:00,1816.72,1860.0,1790.4,1850.31,0.03887399463806962,0.0280816941724583,0.8607758620689645,0.018733786383637364,2023-10-26 16:00:00
2023-10-26 20:00:00,short,2023-10-26 16:00:00,1850.32,1871.0,1804.13,1813.51,0.03706495651643715,0.028212596851114283,0.14027216988185878,-0.01967654007131242,2023-10-26 20:00:00
2023-10-27 00:00:00,short,2023-10-26 20:00:00,1813.51,1825.76,1766.58,1777.91,0.03349975659183291,0.028606570687488533,0.19144981412639647,-0.05099030497525293,2023-10-27 00:00:00
2023-11-10 00:00:00,long,2023-11-09 20:00:00,1913.83,2060.0,1908.37,2037.88,0.0794552419080159,0.027608385850537303,0.8541185781177876,0.055533983610691055,2023-11-10 00:00:00
2023-11-10 08:00:00,long,2023-11-10 04:00:00,2018.49,2132.0,2011.26,2121.23,0.060032019728926134,0.02782443748306041,0.9108000662580754,0.03026477351601107,2023-11-10 08:00:00
2023-11-14 00:00:00,long,2023-11-13 20:00:00,2047.21,2108.0,2040.0,2105.01,0.03333333333333344,0.0279145024462762,0.9560294117647091,0.009821332094548512,2023-11-14 00:00:00
2023-11-14 08:00:00,short,2023-11-14 04:00:00,2100.21,2103.02,2043.26,2053.83,0.029247379188160005,0.027950366018968373,0.1768741633199454,-0.04699264730576801,2023-11-14 08:00:00
2023-11-17 00:00:00,short,2023-11-16 20:00:00,2069.01,2069.69,1978.02,1995.09,0.04634432412210199,0.0280816941724583,0.186211410494163,-0.06790038687092188,2023-11-17 00:00:00
2023-11-18 00:00:00,short,2023-11-17 20:00:00,1965.93,1971.5,1913.03,1919.06,0.030564078974192777,0.028606570687488533,0.10312981015905541,-0.04529956417352448,2023-11-18 00:00:00
2023-11-21 00:00:00,long,2023-11-20 20:00:00,2024.65,2050.0,1985.0,2042.12,0.032745591939546514,0.028606570687488533,0.8787692307692291,0.014130490407788333,2023-11-21 00:00:00
2023-11-22 08:00:00,short,2023-11-22 04:00:00,1985.77,2006.8,1929.2,1933.42,0.04022392701637978,0.02885737757529213,0.05438144329896949,-0.04450070269369959,2023-11-22 08:00:00
2023-12-08 00:00:00,long,2023-12-07 20:00:00,2236.47,2332.25,2232.22,2322.0,0.04481189130103669,0.02885737757529213,0.8975307407777668,0.05516155947700971,2023-12-08 00:00:00
2023-12-23 12:00:00,short,2023-12-23 08:00:00,2324.99,2331.16,2265.33,2273.2,0.029059783784260995,0.028889711097265812,0.11955035698009873,-0.07759469778438828,2023-12-23 12:00:00
2023-12-27 20:00:00,long,2023-12-27 16:00:00,2229.22,2293.0,2227.41,2286.66,0.02944675654684148,0.028889711097265812,0.9033389236164029,0.060670061499500626,2023-12-27 20:00:00
2023-12-28 00:00:00,long,2023-12-27 20:00:00,2286.67,2356.6,2276.23,2342.79,0.035308382720551146,0.02891384709806019,0.8281697150678118,0.019506296565624918,2023-12-28 00:00:00
2023-12-30 00:00:00,short,2023-12-29 20:00:00,2372.68,2387.72,2317.13,2327.42,0.030464410714979184,0.029062475637751238,0.14577135571610722,-0.02393898071406146,2023-12-30 00:00:00
2024-01-09 04:00:00,long,2024-01-09 00:00:00,2270.2,2360.0,2260.0,2355.62,0.04424778761061954,0.02923225990604289,0.9561999999999989,0.07904318777803074,2024-01-09 04:00:00
2024-01-11 00:00:00,long,2024-01-10 20:00:00,2402.48,2462.0,2341.0,2449.61,0.051687313114053834,0.02925734805609407,0.897603305785125,0.02343621188578708,2024-01-11 00:00:00
2024-01-11 20:00:00,long,2024-01-11 16:00:00,2589.25,2666.95,2586.4,2656.94,0.03114367460562928,0.02952249646005117,0.8757293606455643,0.07197877440842587,2024-01-11 20:00:00
2024-01-12 00:00:00,short,2024-01-11 20:00:00,2656.94,2691.46,2596.7,2614.6,0.03649247121346333,0.029864828340566738,0.1888982693119465,-0.0002526623432172166,2024-01-12 00:00:00
2024-01-19 04:00:00,short,2024-01-19 00:00:00,2525.77,2526.77,2426.0,2439.4,0.041537510305028835,0.03063076010737102,0.1329760841520303,-0.05497149912159391,2024-01-19 04:00:00
2024-01-23 20:00:00,short,2024-01-23 16:00:00,2324.4,2327.67,2202.28,2218.5,0.05693644768149375,0.031162646428274595,0.12935640800701664,-0.0990899605355693,2024-01-23 20:00:00
2024-02-13 00:00:00,long,2024-02-12 20:00:00,2488.34,2564.15,2481.13,2558.82,0.03346056030921396,0.03119950057746748,0.9357986027463271,0.046788046800338705,2024-02-13 00:00:00
2024-02-14 20:00:00,long,2024-02-14 16:00:00,2652.12,2762.72,2647.3,2756.51,0.043599138745136434,0.03224448075311603,0.9461964997400831,0.038012660837546605,2024-02-14 20:00:00
2024-02-21 04:00:00,long,2024-02-21 00:00:00,2925.82,2988.38,2885.61,2986.95,0.0356146534008408,0.032702525075013464,0.9860854334922614,0.07558802719997659,2024-02-21 04:00:00
2024-02-27 00:00:00,long,2024-02-26 20:00:00,3057.87,3150.0,3038.0,3148.43,0.03686635944700467,0.032702525075013464,0.9859821428571414,0.05651809832136356,2024-02-27 00:00:00
2024-03-06 08:00:00,long,2024-03-06 04:00:00,3374.86,3580.0,3322.96,3552.24,0.07735272166983642,0.033500499164323995,0.8920012449424205,0.011672247176041144,2024-03-06 08:00:00
2024-03-06 16:00:00,long,2024-03-06 12:00:00,3539.47,3792.0,3537.31,3788.67,0.07200104033856247,0.033515617581643585,0.9869252817150264,0.01287120185464996,2024-03-06 16:00:00
2024-03-15 00:00:00,short,2024-03-14 20:00:00,3958.02,3971.26,3820.0,3845.55,0.039596858638743404,0.03563270860958662,0.16891445193706298,-0.07063498973043122,2024-03-15 00:00:00
2024-03-16 04:00:00,short,2024-03-16 00:00:00,3690.35,3808.21,3661.1,3689.33,0.04018191253994696,0.03651116562514038,0.19189721976752086,-0.01500009495660358,2024-03-16 04:00:00
2024-03-20 08:00:00,short,2024-03-20 04:00:00,3333.6,3339.23,3150.04,3158.43,0.06005955479930414,0.03862150475949402,0.044346952798773036,-0.0958874456464835,2024-03-20 08:00:00
2024-03-21 08:00:00,long,2024-03-21 04:00:00,3379.21,3536.0,3370.98,3515.21,0.04895312342404878,0.039249301696638865,0.8740152708762576,0.003711765928121107,2024-03-21 08:00:00
2024-03-22 20:00:00,short,2024-03-22 16:00:00,3512.75,3524.16,3389.0,3405.65,0.039881971082915246,0.039598760128712926,0.12318733353063117,-0.12057435307882267,2024-03-22 20:00:00
2024-03-28 00:00:00,short,2024-03-27 20:00:00,3586.58,3671.5,3493.09,3514.81,0.05107512259918856,0.03981809944162956,0.12174205481755404,-0.021664259767076487,2024-03-28 00:00:00
2024-04-08 20:00:00,long,2024-04-08 16:00:00,3474.4,3644.0,3470.13,3634.16,0.05010475111883417,0.03989696815576682,0.9434059929832624,0.05840080427166141,2024-04-08 20:00:00
2024-04-15 08:00:00,long,2024-04-15 04:00:00,3073.25,3174.65,3045.18,3154.03,0.04251637013247178,0.04146846629223263,0.8407353054761733,0.010842082006916418,2024-04-15 08:00:00
2024-04-18 00:00:00,short,2024-04-17 20:00:00,3040.16,3064.89,2925.0,2946.67,0.04782564102564102,0.0425388071995156,0.15490742726427975,-0.044675425106795834,2024-04-18 00:00:00
2024-04-30 20:00:00,short,2024-04-30 16:00:00,3156.85,3161.48,3004.0,3007.41,0.052423435419440834,0.04294493055402425,0.021653543307085688,-0.07409103569792,2024-04-30 20:00:00
2024-05-01 16:00:00,short,2024-05-01 12:00:00,3004.38,3015.0,2856.39,2869.28,0.055528131662693214,0.04343521089029311,0.08126852026984627,-0.08411008264821053,2024-05-01 16:00:00
2024-05-11 00:00:00,short,2024-05-10 20:00:00,3038.2,3044.14,2906.14,2918.19,0.0474856682747562,0.04343521089029311,0.08731884057971147,-0.1130062090119524,2024-05-11 00:00:00
2024-05-21 04:00:00,long,2024-05-21 00:00:00,3118.15,3459.0,3110.51,3439.08,0.11203628986886383,0.04294493055402425,0.9428391058566958,0.054491863206608385,2024-05-21 04:00:00
2024-05-21 08:00:00,long,2024-05-21 04:00:00,3439.08,3697.68,3420.99,3662.68,0.08088009611252889,0.04343521089029311,0.8735046441866349,0.035343938898007535,2024-05-21 08:00:00
2024-05-24 16:00:00,short,2024-05-24 12:00:00,3803.92,3816.62,3650.32,3678.73,0.045557649740296746,0.044900205360321174,0.17083583884545941,-0.044074329323994806,2024-05-24 16:00:00
2024-07-05 20:00:00,long,2024-07-05 16:00:00,2881.68,2957.1,2822.58,2947.49,0.047658525179091527,0.04569355216335314,0.9285608088016643,0.003976360765151486,2024-07-05 20:00:00
2024-07-25 12:00:00,short,2024-07-25 08:00:00,3336.0,3342.85,3152.43,3168.1,0.060404196128066356,0.045207565314924196,0.08229177607394217,-0.09567892789842869,2024-07-25 12:00:00
2024-08-09 00:00:00,long,2024-08-08 20:00:00,2447.31,2528.58,2410.05,2506.79,0.04918155224995324,0.04779674846738757,0.8161646840462329,0.0072349493732504966,2024-08-09 00:00:00
2024-08-12 20:00:00,long,2024-08-12 16:00:00,2566.84,2684.0,2558.0,2673.39,0.04925723221266609,0.048020175090286825,0.9157936507936498,0.04042253568128057,2024-08-12 20:00:00
2024-08-16 04:00:00,short,2024-08-16 00:00:00,2668.51,2675.28,2521.0,2549.51,0.06119793732645773,0.0485397486989104,0.18479388125486246,-0.07935890851726632,2024-08-16 04:00:00
2024-08-31 00:00:00,short,2024-08-30 20:00:00,2512.51,2556.1,2434.68,2448.79,0.0498710302791332,0.048964544865344,0.11620820293197265,-0.039825740027835455,2024-08-31 00:00:00
2024-09-07 00:00:00,short,2024-09-06 20:00:00,2373.27,2409.96,2263.22,2290.14,0.06483682540804714,0.048964544865344,0.18345372768161394,-0.0548128290374249,2024-09-07 00:00:00
2024-09-23 12:00:00,long,2024-09-23 08:00:00,2581.13,2689.97,2539.04,2677.0,0.05944372676287091,0.04624713051705221,0.9140661233684502,0.0588278657553766,2024-09-23 12:00:00
2024-10-03 04:00:00,short,2024-10-03 00:00:00,2460.31,2478.69,2367.24,2371.62,0.047080143965124055,0.04624713051705221,0.039300134589502905,-0.07007730682199252,2024-10-03 04:00:00
2024-11-02 00:00:00,short,2024-11-01 20:00:00,2515.5,2587.38,2481.48,2500.05,0.042676144881280464,0.04097480852305872,0.1753541076487266,-0.009124110945671303,2024-11-02 00:00:00
2024-11-07 12:00:00,long,2024-11-07 08:00:00,2722.41,2882.98,2700.5,2853.68,0.06757267172745784,0.041379542851739844,0.8394344585708013,0.04290894045004617,2024-11-07 12:00:00
2024-11-14 04:00:00,short,2024-11-14 00:00:00,3310.43,3333.72,3155.1,3159.03,0.056613102595797216,0.04327996766156431,0.022002015451798754,-0.07591489257786646,2024-11-14 04:00:00
2024-11-15 00:00:00,short,2024-11-14 20:00:00,3185.2,3199.8,3054.0,3077.6,0.04774066797642451,0.043505162989276314,0.16186556927297585,-0.07233006389251777,2024-11-15 00:00:00
2024-12-11 00:00:00,short,2024-12-10 20:00:00,3749.64,3754.49,3555.71,3568.68,0.05590444665059846,0.04378740686648753,0.06524801287855829,-0.07386582434844272,2024-12-11 00:00:00
2024-12-19 08:00:00,short,2024-12-19 04:00:00,3768.0,3786.39,3618.43,3627.74,0.046417921584775756,0.04378740686648753,0.05542986425339333,-0.04864480666151736,2024-12-19 08:00:00
2024-12-20 20:00:00,short,2024-12-20 16:00:00,3390.82,3391.33,3102.28,3104.6,0.09317340794512408,0.044625380297897206,0.008026293028886737,-0.07659379936064331,2024-12-20 20:00:00
2024-12-21 00:00:00,long,2024-12-20 20:00:00,3104.82,3396.11,3101.0,3373.8,0.09516607545952915,0.04504963764924348,0.9244010707871644,0.044965639613756034,2024-12-21 00:00:00
2025-01-10 04:00:00,short,2025-01-10 00:00:00,3320.69,3328.09,3188.0,3195.28,0.04394291091593483,0.04349680352630622,0.05196659290456273,-0.10241254632772537,2025-01-10 04:00:00
2025-01-13 20:00:00,short,2025-01-13 16:00:00,3201.79,3206.3,3055.41,3057.28,0.04938453431781675,0.043613046865575794,0.012393134071179942,-0.13842428714249716,2025-01-13 20:00:00
2025-01-14 08:00:00,long,2025-01-14 04:00:00,3025.11,3146.15,3011.53,3137.79,0.044701530451298765,0.04386580715308674,0.9378992720249582,0.08730465943337921,2025-01-14 08:00:00
2025-01-16 00:00:00,long,2025-01-15 20:00:00,3199.61,3354.56,3187.08,3334.65,0.05254966928975735,0.04394988940771835,0.881120133747314,0.05309168092070633,2025-01-16 00:00:00
2025-01-19 20:00:00,short,2025-01-19 16:00:00,3276.32,3278.43,3131.0,3150.75,0.047087192590226756,0.04411343323659001,0.13396188021433916,-0.10816356141990956,2025-01-19 20:00:00
2025-01-20 00:00:00,long,2025-01-19 20:00:00,3150.74,3427.23,3145.26,3385.04,0.08964918639476549,0.044716821742147424,0.8503741532787173,0.009715094676905898,2025-01-20 00:00:00
2025-01-24 08:00:00,long,2025-01-24 04:00:00,3204.48,3349.7,3195.45,3339.08,0.04827176141075595,0.0459625431061257,0.931150729335495,0.024331714850846863,2025-01-24 08:00:00
2025-02-03 16:00:00,long,2025-02-03 12:00:00,2526.53,2631.52,2446.45,2620.93,0.07564838848126887,0.044716821742147424,0.9427784081698809,0.011601268057192912,2025-02-03 16:00:00
2025-02-07 00:00:00,short,2025-02-06 20:00:00,2804.25,2808.13,2683.0,2705.7,0.0466380916884086,0.04504963764924348,0.18141133221449532,-0.06062961748328389,2025-02-07 00:00:00
2025-02-22 04:00:00,short,2025-02-22 00:00:00,2723.84,2770.76,2625.44,2639.7,0.055350722164665855,0.04585726348420187,0.09812826864849812,-0.019714453873190395,2025-02-22 04:00:00
2025-02-24 12:00:00,short,2025-02-24 08:00:00,2819.69,2840.44,2711.11,2717.98,0.04770370807529023,0.04585726348420187,0.05311992577128195,-0.09070752347059001,2025-02-24 12:00:00
2025-02-27 04:00:00,short,2025-02-27 00:00:00,2428.38,2434.32,2264.07,2296.0,0.0751964382726682,0.0459625431061257,0.18754772393538818,-0.05123031652706356,2025-02-27 04:00:00
2025-02-28 12:00:00,short,2025-02-28 08:00:00,2307.72,2314.29,2121.52,2147.41,0.09086409743957158,0.04666019430224436,0.13430513046635822,-0.09023270953667198,2025-02-28 12:00:00
2025-03-01 00:00:00,long,2025-02-28 20:00:00,2125.37,2228.95,2105.06,2222.95,0.05885342935593285,0.04708049639637919,0.9515699410767616,0.028233932923395724,2025-03-01 00:00:00
2025-03-03 04:00:00,long,2025-03-03 00:00:00,2229.96,2518.61,2211.3,2486.11,0.13897255008366116,0.04710016643023785,0.8942435976701051,0.03913702117235179,2025-03-03 04:00:00
2025-03-04 00:00:00,short,2025-03-03 20:00:00,2356.58,2389.28,2266.0,2287.8,0.05440423654015891,0.04710016643023785,0.17683322517845673,-0.022600450273859787,2025-03-04 00:00:00
2025-03-04 04:00:00,short,2025-03-04 00:00:00,2287.8,2297.79,2095.21,2109.66,0.09668720557843846,0.04735655092111382,0.0713298449995055,-0.06630596939478953,2025-03-04 04:00:00
2025-03-05 04:00:00,long,2025-03-05 00:00:00,2074.99,2175.0,1985.43,2172.54,0.09548057599613169,0.04776722264814106,0.9870232631745527,0.019543439753742307,2025-03-05 04:00:00
2025-03-11 00:00:00,short,2025-03-10 20:00:00,2128.1,2136.7,1996.45,2017.51,0.0702496932054395,0.04948857125338621,0.15016042780748648,-0.03290620208059694,2025-03-11 00:00:00
2025-03-28 16:00:00,short,2025-03-28 12:00:00,2000.28,2005.0,1900.27,1909.79,0.05511322075284042,0.053402324265445805,0.09090041057958541,-0.09747865894247987,2025-03-28 16:00:00
2025-04-03 08:00:00,short,2025-04-03 04:00:00,1911.76,1957.3,1781.58,1795.01,0.0986315517686549,0.053402324265445805,0.07642840883223345,-0.055204754140867104,2025-04-03 08:00:00
2025-04-07 04:00:00,short,2025-04-07 00:00:00,1759.72,1760.09,1602.06,1626.07,0.0986417487484863,0.05427479577827787,0.1519331772448269,-0.06179220726107361,2025-04-07 04:00:00
2025-04-10 04:00:00,long,2025-04-10 00:00:00,1485.4,1674.69,1482.01,1640.61,0.13001261799852903,0.05537840838896246,0.8231264272368687,0.039788896721063664,2025-04-10 04:00:00
2025-04-11 00:00:00,short,2025-04-10 20:00:00,1594.81,1628.0,1483.55,1495.99,0.09736780020895819,0.05591281291146808,0.08611976462443788,-0.021049886276106558,2025-04-11 00:00:00
2025-05-09 16:00:00,long,2025-05-09 12:00:00,2204.4,2394.4,2201.64,2363.19,0.08755291509965302,0.05608789874922607,0.8380888151068686,0.07082366045811721,2025-05-09 16:00:00
2025-05-19 04:00:00,short,2025-05-19 00:00:00,2578.5,2583.4,2401.42,2407.2,0.07578016340331972,0.05642499215772291,0.03176173205846656,-0.09138068282545259,2025-05-19 04:00:00
2025-05-19 08:00:00,long,2025-05-19 04:00:00,2407.2,2510.3,2312.0,2496.69,0.08576989619377162,0.05700810785600935,0.9313666162380226,0.011995534039207365,2025-05-19 08:00:00
2025-06-06 08:00:00,short,2025-06-06 04:00:00,2527.97,2534.4,2390.02,2413.23,0.06040953632187174,0.05656632027624221,0.16075633744285925,-0.07706656789324969,2025-06-06 08:00:00
2025-06-17 08:00:00,short,2025-06-17 04:00:00,2659.19,2679.46,2533.06,2543.29,0.057795709537081574,0.05704270056831549,0.06987704918032794,-0.09750729186879303,2025-06-17 08:00:00
2025-06-23 00:00:00,short,2025-06-22 20:00:00,2272.09,2285.9,2154.0,2173.81,0.06123491179201479,0.05656632027624221,0.15018953752843012,-0.02960100701048944,2025-06-23 00:00:00
2025-06-23 08:00:00,long,2025-06-23 04:00:00,2182.89,2236.07,2108.47,2226.5,0.060517816236418165,0.05704270056831549,0.9249999999999989,0.004691619183070853,2025-06-23 08:00:00
2025-06-24 04:00:00,long,2025-06-24 00:00:00,2247.68,2324.92,2187.1,2311.4,0.0630149513053817,0.05770736785542715,0.9019010303294154,0.03734120507536883,2025-06-24 04:00:00
2025-08-16 00:00:00,short,2025-08-15 20:00:00,4633.27,4673.0,4393.0,4429.99,0.0637377646255406,0.05511907506075083,0.1321071428571421,-0.05281702023226355,2025-08-16 00:00:00
2025-08-23 00:00:00,long,2025-08-22 20:00:00,4272.71,4667.49,4206.05,4615.35,0.1097086339915121,0.05511607191043768,0.8870058945908472,0.020497588298840335,2025-08-23 00:00:00
2025-09-06 00:00:00,short,2025-09-05 20:00:00,4415.67,4495.0,4253.33,4281.0,0.05681901004624623,0.050531008680460926,0.11449497248313843,-0.01007045713291647,2025-09-06 00:00:00
2025-10-08 00:00:00,short,2025-10-07 20:00:00,4706.36,4754.37,4476.0,4510.48,0.06219168900804295,0.04531008454164945,0.12386392211804281,-0.036741200129201235,2025-10-08 00:00:00
2025-10-11 00:00:00,short,2025-10-10 20:00:00,4341.25,4388.3,4067.33,4101.01,0.07891417711373316,0.04527833780478169,0.10493192510203528,-0.08736536830551887,2025-10-11 00:00:00
2025-10-13 00:00:00,long,2025-10-12 20:00:00,3818.48,4078.11,3791.17,4031.83,0.07568639760285079,0.045443055783357014,0.8387119258381537,0.026022336025759513,2025-10-13 00:00:00
2025-10-14 16:00:00,short,2025-10-14 12:00:00,4151.81,4158.87,3962.76,3979.21,0.04948823547224657,0.045443055783357014,0.08388149507929145,-0.06163621121152822,2025-10-14 16:00:00
2025-10-15 00:00:00,long,2025-10-14 20:00:00,3969.86,4087.0,3892.11,4082.99,0.0500730965979892,0.04563394419539195,0.9794242906254799,0.036027738080579276,2025-10-15 00:00:00
2025-10-17 00:00:00,short,2025-10-16 20:00:00,4060.0,4088.0,3890.0,3905.2,0.050899742930591296,0.04575004285366054,0.07676767676767585,-0.04553488004618109,2025-10-17 00:00:00
2025-10-17 16:00:00,short,2025-10-17 12:00:00,3931.39,3934.44,3750.01,3754.47,0.04918120218346078,0.0457902560491502,0.024182616710944994,-0.090913898544079,2025-10-17 16:00:00
2025-10-22 00:00:00,long,2025-10-21 20:00:00,3888.3,4084.73,3850.69,4079.96,0.060778717580485475,0.04575004285366054,0.9796188685694753,0.034682243622440045,2025-10-22 00:00:00
2025-11-03 12:00:00,short,2025-11-03 08:00:00,3904.39,3913.27,3725.03,3735.06,0.05053382120412442,0.0457902560491502,0.05328304292392561,-0.09587491187444015,2025-11-03 12:00:00
2025-11-04 00:00:00,short,2025-11-03 20:00:00,3709.58,3746.95,3580.02,3587.31,0.04662823112720038,0.045834696981129706,0.043670999820283773,-0.055637596593244576,2025-11-04 00:00:00
2025-11-04 16:00:00,short,2025-11-04 12:00:00,3640.01,3646.0,3472.0,3492.7,0.0501152073732718,0.045834696981129706,0.11896551724137827,-0.06220916239581339,2025-11-04 16:00:00
2025-11-05 04:00:00,short,2025-11-05 00:00:00,3506.39,3519.5,3222.86,3229.12,0.0920424715935535,0.045834696981129706,0.02110302049622359,-0.08057940312274875,2025-11-05 04:00:00
2025-11-05 08:00:00,long,2025-11-05 04:00:00,3229.11,3304.67,3054.0,3285.24,0.08207924034053704,0.045834696981129706,0.9224877328758915,0.029144777864866477,2025-11-05 08:00:00
2025-11-05 12:00:00,long,2025-11-05 08:00:00,3285.23,3347.92,3164.22,3332.99,0.058055381737047496,0.045834696981129706,0.9187261839956437,0.026039647611135038,2025-11-05 12:00:00
2025-11-08 04:00:00,long,2025-11-08 00:00:00,3295.34,3449.2,3271.5,3441.47,0.05431759131896685,0.04563394419539195,0.9564997186268991,0.06340850738610755,2025-11-08 04:00:00
2025-11-13 00:00:00,short,2025-11-12 20:00:00,3547.44,3586.78,3416.5,3426.73,0.04984048002341579,0.045443055783357014,0.060077519379845,-0.05476184654600913,2025-11-13 00:00:00
2025-11-14 04:00:00,short,2025-11-14 00:00:00,3385.12,3398.0,3173.0,3195.59,0.07091080995902921,0.04563394419539195,0.10040000000000064,-0.03627175467567674,2025-11-14 04:00:00
2025-11-18 04:00:00,short,2025-11-18 00:00:00,3119.51,3141.97,2968.19,2980.65,0.05854746495338903,0.045443055783357014,0.07169985038554526,-0.03128630467235903,2025-11-18 04:00:00
2025-11-20 00:00:00,short,2025-11-19 20:00:00,3082.22,3107.66,2965.01,2971.81,0.04811113621876473,0.04527833780478169,0.04766912022432348,-0.04338225479703028,2025-11-20 00:00:00
2025-11-20 08:00:00,long,2025-11-20 04:00:00,2880.41,3026.94,2873.51,3024.22,0.05339462886852653,0.04531981530910932,0.9822720458841149,0.03760938802313105,2025-11-20 08:00:00
2025-11-25 04:00:00,long,2025-11-25 00:00:00,2844.8,2978.06,2841.45,2957.39,0.048077566031427654,0.04606024332578387,0.8486933606617374,0.08896098006347715,2025-11-25 04:00:00
2025-12-01 12:00:00,short,2025-12-01 08:00:00,2989.83,2998.0,2811.85,2824.73,0.06620196667674305,0.04613563235364913,0.06919151222132744,-0.0659012118994709,2025-12-01 12:00:00
2025-12-03 00:00:00,long,2025-12-02 20:00:00,2824.25,3024.44,2813.44,3005.33,0.07499715650591443,0.046674655294438754,0.9094312796208525,0.12410477931147264,2025-12-03 00:00:00
2025-12-08 04:00:00,long,2025-12-08 00:00:00,3025.12,3148.98,2997.63,3136.6,0.05048988701073842,0.04755778220319372,0.9182028410967947,0.07613421831133618,2025-12-08 04:00:00
2025-12-10 00:00:00,long,2025-12-09 20:00:00,3116.93,3258.0,3097.01,3245.04,0.051982395923810376,0.04758485028894981,0.9194981054723893,0.0987889903932155,2025-12-10 00:00:00
2025-12-11 12:00:00,short,2025-12-11 08:00:00,3322.71,3325.92,3166.01,3189.77,0.050508368577483864,0.04758485028894981,0.14858357826277147,-0.07490384048250025,2025-12-11 12:00:00
2025-12-13 00:00:00,short,2025-12-12 20:00:00,3241.16,3249.92,3055.41,3069.6,0.06366085075325412,0.04771690478792975,0.07295254742686771,-0.10270291402086633,2025-12-13 00:00:00
2025-12-16 00:00:00,short,2025-12-15 20:00:00,3155.11,3158.63,2984.06,3009.51,0.05850083443362397,0.04771690478792975,0.1457867903992682,-0.038011231434954496,2025-12-16 00:00:00
2025-12-18 00:00:00,short,2025-12-17 20:00:00,2927.75,3029.5,2884.26,2903.09,0.050356070534556485,0.04779127838318668,0.12964748003304843,-0.0039823026483521325,2025-12-18 00:00:00
2025-12-19 04:00:00,short,2025-12-19 00:00:00,2964.14,2966.96,2772.08,2780.1,0.07030100141410056,0.04807924454079451,0.04115353037766819,-0.06626802317812729,2025-12-19 04:00:00
2026-01-30 00:00:00,short,2026-01-29 20:00:00,2928.24,2938.5,2794.18,2822.7,0.05165021580571061,0.04738671211978163,0.1976164079822613,-0.04725422749116091,2026-01-30 00:00:00
2026-02-01 08:00:00,long,2026-02-01 04:00:00,2381.5,2472.83,2352.0,2450.74,0.05137329931972778,0.04804653499006516,0.8171811636183054,0.04815768477060262,2026-02-01 08:00:00
2026-02-05 00:00:00,short,2026-02-04 20:00:00,2253.72,2262.09,2135.08,2150.65,0.05948723232853115,0.04950584769980501,0.12258877253759655,-0.01957432686989656,2026-02-05 00:00:00
2026-02-05 04:00:00,long,2026-02-05 00:00:00,2150.64,2196.69,2073.83,2187.65,0.059243043065246415,0.04985211085214445,0.9264203158066096,0.029380552142679282,2026-02-05 04:00:00
2026-02-06 00:00:00,short,2026-02-05 20:00:00,2078.88,2106.62,1925.35,1959.5,0.09414911574518925,0.05012725053133602,0.18839300490980357,-0.013646353809888568,2026-02-06 00:00:00
2026-02-06 04:00:00,short,2026-02-06 00:00:00,1959.51,2017.39,1911.62,1927.7,0.05533003421182037,0.05035964015000938,0.15202798525101752,-0.007511269053123298,2026-02-06 04:00:00
2026-02-06 08:00:00,short,2026-02-06 04:00:00,1927.71,1941.86,1815.01,1825.83,0.06988942209684801,0.050430584051970526,0.08529759558533657,-0.02372602246922548,2026-02-06 08:00:00
2026-02-23 12:00:00,short,2026-02-23 08:00:00,1956.93,1957.56,1845.02,1861.58,0.06099662876283185,0.050490811089075695,0.14714768082459526,-0.0796503190442526,2026-02-23 12:00:00
2026-02-26 00:00:00,long,2026-02-25 20:00:00,1925.39,2028.64,1921.19,2013.04,0.05592887741451924,0.050533944024044375,0.8548161935784073,0.07423100699352382,2026-02-26 00:00:00
2026-03-03 00:00:00,long,2026-03-02 20:00:00,1946.7,2064.94,1920.16,2046.44,0.07539996666944426,0.05117377268266823,0.8722199198784363,0.04454175275088186,2026-03-03 00:00:00
2026-03-05 00:00:00,long,2026-03-04 20:00:00,2054.13,2160.25,2035.6,2149.66,0.06123501670269205,0.05138714514402691,0.9150421179302035,0.06752665228861472,2026-03-05 00:00:00
2026-04-02 12:00:00,short,2026-04-02 08:00:00,2138.85,2158.9,2045.0,2055.41,0.05569682151589239,0.05138714514402691,0.09139596136962112,-0.06801662613341969,2026-04-02 12:00:00
2026-04-14 08:00:00,long,2026-04-14 04:00:00,2261.11,2396.0,2246.6,2368.29,0.06650048962877242,0.05092330708142247,0.8145247657295849,0.08752834867623455,2026-04-14 08:00:00
2026-06-06 00:00:00,short,2026-06-05 20:00:00,1662.41,1677.0,1570.16,1582.0,0.0680440209914912,0.04798481762875606,0.11081991763384431,-0.06433677985012629,2026-06-06 00:00:00
2026-06-06 16:00:00,long,2026-06-06 12:00:00,1562.29,1580.71,1503.6,1574.25,0.0512835860601224,0.047870884959425625,0.9162235767085978,0.0005324459297428708,2026-06-06 16:00:00
2026-06-16 00:00:00,long,2026-06-15 20:00:00,1763.63,1848.65,1759.27,1844.62,0.05080516350531772,0.047731810227389954,0.9549116133363147,0.07006878895755365,2026-06-16 00:00:00
2026-07-15 00:00:00,long,2026-07-14 20:00:00,1797.1,1888.48,1793.35,1874.52,0.05304597540915057,0.04735889900289302,0.853253442657416,0.06749163602974154,2026-07-15 00:00:00
