test_month,feature,coefficient
2022-01-01,return_1d,0.002577185760482246
2022-01-01,return_3d,-0.0016786095860715554
2022-01-01,return_7d,0.004327030781323975
2022-01-01,return_14d,0.0037162404755615662
2022-01-01,return_30d,0.003085781522061952
2022-01-01,return_90d,-0.001184491539465429
2022-01-01,close_location,-0.0052375102043845856
2022-01-01,body_fraction,0.002279317167846081
2022-01-01,range_over_20d,0.001116858882610737
2022-01-01,realized_vol_30d,-0.0003237568824050394
2022-01-01,distance_high_20d,-0.005868900053717215
2022-01-01,distance_low_20d,-0.004734018514464339
2022-02-01,return_1d,0.0032795616570838464
2022-02-01,return_3d,-0.0013238833056114687
2022-02-01,return_7d,0.0036782783682377564
2022-02-01,return_14d,0.003386190800298495
2022-02-01,return_30d,0.003899208582966569
2022-02-01,return_90d,-0.0006453425481254149
2022-02-01,close_location,-0.005374484506945788
2022-02-01,body_fraction,0.001610659966766554
2022-02-01,range_over_20d,0.0003115150556536775
2022-02-01,realized_vol_30d,-0.00012922250525757806
2022-02-01,distance_high_20d,-0.00554957080197737
2022-02-01,distance_low_20d,-0.004564119203693293
2022-03-01,return_1d,0.002749546297696227
2022-03-01,return_3d,-0.0014063561250191262
2022-03-01,return_7d,0.004538730327086243
2022-03-01,return_14d,0.002316669441248466
2022-03-01,return_30d,0.0036419410601651447
2022-03-01,return_90d,-0.00038054891589858167
2022-03-01,close_location,-0.00478093806666281
2022-03-01,body_fraction,0.0011676301299684499
2022-03-01,range_over_20d,0.0006863339100328762
2022-03-01,realized_vol_30d,-0.0006408451215306152
2022-03-01,distance_high_20d,-0.005882851612355362
2022-03-01,distance_low_20d,-0.0039368714768236055
2022-04-01,return_1d,0.00208635311507091
2022-04-01,return_3d,-0.0012102843958460294
2022-04-01,return_7d,0.004165560706980852
2022-04-01,return_14d,0.00242878814916225
2022-04-01,return_30d,0.0035085388322894447
2022-04-01,return_90d,-0.0005067573551298181
2022-04-01,close_location,-0.0037975582564393545
2022-04-01,body_fraction,0.0009649930796743393
2022-04-01,range_over_20d,0.0006494031583955572
2022-04-01,realized_vol_30d,-0.0006468156605536112
2022-04-01,distance_high_20d,-0.0056540214071283115
2022-04-01,distance_low_20d,-0.0038541689363218857
2022-05-01,return_1d,0.0018208825765758966
2022-05-01,return_3d,-0.001069069041994181
2022-05-01,return_7d,0.004753079892218612
2022-05-01,return_14d,0.0020159307187663073
2022-05-01,return_30d,0.004080146650461528
2022-05-01,return_90d,0.00024612656319270167
2022-05-01,close_location,-0.0032614766384789448
2022-05-01,body_fraction,0.0003076193556304312
2022-05-01,range_over_20d,0.0012699712793661506
2022-05-01,realized_vol_30d,-0.0008659943719864904
2022-05-01,distance_high_20d,-0.006137125561223633
2022-05-01,distance_low_20d,-0.004327178301242438
2022-06-01,return_1d,0.0008061475060614217
2022-06-01,return_3d,-0.0008623969365291711
2022-06-01,return_7d,0.004756023253176452
2022-06-01,return_14d,0.0016957509706360151
2022-06-01,return_30d,0.005492807913009808
2022-06-01,return_90d,6.292055647297932e-05
2022-06-01,close_location,-0.0030955186391998617
2022-06-01,body_fraction,0.0003663225383827758
2022-06-01,range_over_20d,0.0007016215962244477
2022-06-01,realized_vol_30d,0.0004597945736564272
2022-06-01,distance_high_20d,-0.005137527585211558
2022-06-01,distance_low_20d,-0.0047556212445921935
2022-07-01,return_1d,4.1324217905992315e-05
2022-07-01,return_3d,-0.0005632505915403238
2022-07-01,return_7d,0.00534348395272669
2022-07-01,return_14d,-0.00033709703742821056
2022-07-01,return_30d,0.0061349045762036395
2022-07-01,return_90d,0.001268099171830287
2022-07-01,close_location,-0.0027272401644869272
2022-07-01,body_fraction,0.0006763302588866665
2022-07-01,range_over_20d,0.00043836439075132643
2022-07-01,realized_vol_30d,-0.0004488479954925088
2022-07-01,distance_high_20d,-0.004931834758094691
2022-07-01,distance_low_20d,-0.003939526385873271
2022-08-01,return_1d,0.0008157671249548336
2022-08-01,return_3d,-0.00020122298533506897
2022-08-01,return_7d,0.0030219585087021884
2022-08-01,return_14d,0.0028645090069184453
2022-08-01,return_30d,0.007812566789033092
2022-08-01,return_90d,-0.0015100872539436112
2022-08-01,close_location,-0.0025664038108129473
2022-08-01,body_fraction,0.0010804487154743878
2022-08-01,range_over_20d,0.00013953352410522713
2022-08-01,realized_vol_30d,0.001886668735061068
2022-08-01,distance_high_20d,-0.005124111008010576
2022-08-01,distance_low_20d,-0.005659283486218125
2022-09-01,return_1d,0.0006606788055872104
2022-09-01,return_3d,-0.0004211786827107481
2022-09-01,return_7d,0.003211234220027589
2022-09-01,return_14d,0.002447968450585107
2022-09-01,return_30d,0.007223544842340239
2022-09-01,return_90d,-0.0008077305237339363
2022-09-01,close_location,-0.0022704494569399164
2022-09-01,body_fraction,0.0011868848384122377
2022-09-01,range_over_20d,-0.00039865029073535963
2022-09-01,realized_vol_30d,0.0015556590382222414
2022-09-01,distance_high_20d,-0.0053612134856847295
2022-09-01,distance_low_20d,-0.005294998276939902
2022-10-01,return_1d,0.0004885726040420241
2022-10-01,return_3d,-0.0006981832969122191
2022-10-01,return_7d,0.005407920500623207
2022-10-01,return_14d,0.0029062425568197295
2022-10-01,return_30d,0.00795348907642943
2022-10-01,return_90d,-0.0008926329244160569
2022-10-01,close_location,-0.002483903308289405
2022-10-01,body_fraction,0.0012910161280541201
2022-10-01,range_over_20d,0.0007626313610707877
2022-10-01,realized_vol_30d,0.0018828238772623412
2022-10-01,distance_high_20d,-0.006583519604318515
2022-10-01,distance_low_20d,-0.0066750480893121135
2022-11-01,return_1d,-9.490894202604611e-05
2022-11-01,return_3d,-0.0006361804288594518
2022-11-01,return_7d,0.005442989428498589
2022-11-01,return_14d,0.001980650208290307
2022-11-01,return_30d,0.007827490679995181
2022-11-01,return_90d,-0.0012581954511515531
2022-11-01,close_location,-0.0018069727700803688
2022-11-01,body_fraction,0.0006331139629219151
2022-11-01,range_over_20d,0.0010365854126777804
2022-11-01,realized_vol_30d,0.0017272791837687012
2022-11-01,distance_high_20d,-0.005579595386781341
2022-11-01,distance_low_20d,-0.006149511473730679
2022-12-01,return_1d,-0.0018321292291887403
2022-12-01,return_3d,-9.727208922013894e-05
2022-12-01,return_7d,0.006162567509453822
2022-12-01,return_14d,0.002048458528969951
2022-12-01,return_30d,0.006695044942194784
2022-12-01,return_90d,-0.0006682859257019195
2022-12-01,close_location,-0.0013695471096066413
2022-12-01,body_fraction,0.0007531775308777544
2022-12-01,range_over_20d,0.0016440485314011435
2022-12-01,realized_vol_30d,0.0021666150821374117
2022-12-01,distance_high_20d,-0.005612344658078657
2022-12-01,distance_low_20d,-0.005878805143377964
2023-01-01,return_1d,-0.0014572130214169077
2023-01-01,return_3d,-0.0011063074214869642
2023-01-01,return_7d,0.007144431254029637
2023-01-01,return_14d,0.0016582360844523238
2023-01-01,return_30d,0.006544335406147271
2023-01-01,return_90d,-0.0009153113688123479
2023-01-01,close_location,-0.0014359293079262312
2023-01-01,body_fraction,0.000788575266862889
2023-01-01,range_over_20d,0.0016381186171076185
2023-01-01,realized_vol_30d,0.002566254229610455
2023-01-01,distance_high_20d,-0.005436557783266068
2023-01-01,distance_low_20d,-0.005777552872437374
2023-02-01,return_1d,-0.0003955285131395636
2023-02-01,return_3d,-0.0011389408184419197
2023-02-01,return_7d,0.006542474194339953
2023-02-01,return_14d,0.00042598681630342096
2023-02-01,return_30d,0.005720712236126681
2023-02-01,return_90d,-0.0016951889634773476
2023-02-01,close_location,-0.0017058496922392166
2023-02-01,body_fraction,0.0017934939196681341
2023-02-01,range_over_20d,0.0014812066020066866
2023-02-01,realized_vol_30d,0.0027384707019939775
2023-02-01,distance_high_20d,-0.0033736729741370448
2023-02-01,distance_low_20d,-0.005676687324947848
2023-03-01,return_1d,-0.0015547604605435877
2023-03-01,return_3d,-0.0006082550585361673
2023-03-01,return_7d,0.00563442226319506
2023-03-01,return_14d,0.0012624556690714224
2023-03-01,return_30d,0.00463756968492294
2023-03-01,return_90d,-0.001198412468598643
2023-03-01,close_location,-0.00047180306485374387
2023-03-01,body_fraction,0.0019168885040474694
2023-03-01,range_over_20d,0.0015324230555513983
2023-03-01,realized_vol_30d,0.0008972746212883818
2023-03-01,distance_high_20d,-0.004699289831892711
2023-03-01,distance_low_20d,-0.004494233216353122
2023-04-01,return_1d,-0.0009203318248998377
2023-04-01,return_3d,-0.0009126064097655303
2023-04-01,return_7d,0.005473493946332386
2023-04-01,return_14d,0.0016935139547131837
2023-04-01,return_30d,0.00420869282595718
2023-04-01,return_90d,-0.002221167507345611
2023-04-01,close_location,-0.0005264394675364919
2023-04-01,body_fraction,0.001371223665282955
2023-04-01,range_over_20d,0.0019288406441498867
2023-04-01,realized_vol_30d,0.00022019905645044813
2023-04-01,distance_high_20d,-0.0044523761783153105
2023-04-01,distance_low_20d,-0.0038556061840075324
2023-05-01,return_1d,-0.002980836177762868
2023-05-01,return_3d,0.001030758952383135
2023-05-01,return_7d,0.0044233004022286235
2023-05-01,return_14d,0.0008753400793167436
2023-05-01,return_30d,0.0038522570231285485
2023-05-01,return_90d,-0.0029751376024676848
2023-05-01,close_location,0.00016190997317992568
2023-05-01,body_fraction,0.0009798318372114666
2023-05-01,range_over_20d,0.0021983369994008684
2023-05-01,realized_vol_30d,0.0004697121556783233
2023-05-01,distance_high_20d,-0.003163489850373306
2023-05-01,distance_low_20d,-0.0034336958581388135
2023-06-01,return_1d,-0.0008196974974463491
2023-06-01,return_3d,0.0013922750305562857
2023-06-01,return_7d,0.001054431030583947
2023-06-01,return_14d,0.0019054949000381469
2023-06-01,return_30d,0.0035831982548465376
2023-06-01,return_90d,-0.0029932363654170723
2023-06-01,close_location,-0.001172477713643618
2023-06-01,body_fraction,0.0002939019191539591
2023-06-01,range_over_20d,0.0021607942697702484
2023-06-01,realized_vol_30d,-0.0001963406390845721
2023-06-01,distance_high_20d,-0.003489841242273126
2023-06-01,distance_low_20d,-0.002095226157480753
2023-07-01,return_1d,-0.0005583647195688131
2023-07-01,return_3d,0.0016183332453094986
2023-07-01,return_7d,0.0016298779742799823
2023-07-01,return_14d,0.0007394140139240164
2023-07-01,return_30d,0.004034708190554562
2023-07-01,return_90d,-0.0032816898279112642
2023-07-01,close_location,-0.0012377220070261565
2023-07-01,body_fraction,-0.00044711967597423053
2023-07-01,range_over_20d,0.002586608585467751
2023-07-01,realized_vol_30d,0.0010809000422914849
2023-07-01,distance_high_20d,-0.0015985785113555387
2023-07-01,distance_low_20d,-0.003478727264930411
2023-08-01,return_1d,-6.781133197230897e-05
2023-08-01,return_3d,0.0014166643579743372
2023-08-01,return_7d,0.00033070084603560243
2023-08-01,return_14d,0.001224496230057368
2023-08-01,return_30d,0.00324838322666534
2023-08-01,return_90d,-0.0030401996442065925
2023-08-01,close_location,-0.0014909463014048487
2023-08-01,body_fraction,-0.0003660140646846642
2023-08-01,range_over_20d,0.0025664867172803534
2023-08-01,realized_vol_30d,0.001087224925363637
2023-08-01,distance_high_20d,-0.0006896757079013542
2023-08-01,distance_low_20d,-0.0030491750407632646
2023-09-01,return_1d,0.0004957107848274424
2023-09-01,return_3d,0.0017086400120522095
2023-09-01,return_7d,0.0001594807810406372
2023-09-01,return_14d,0.00041234526376453007
2023-09-01,return_30d,0.003324755868003843
2023-09-01,return_90d,-0.002643067232395441
2023-09-01,close_location,-0.0013153470634475627
2023-09-01,body_fraction,-0.0011442286356494484
2023-09-01,range_over_20d,0.0026593177071090202
2023-09-01,realized_vol_30d,0.002474607472289847
2023-09-01,distance_high_20d,4.586526569896638e-06
2023-09-01,distance_low_20d,-0.004110275199816781
2023-10-01,return_1d,0.000729933768705698
2023-10-01,return_3d,0.0008297464792705589
2023-10-01,return_7d,0.0008507393390941268
2023-10-01,return_14d,6.119073211659798e-05
2023-10-01,return_30d,0.0029425039308270677
2023-10-01,return_90d,-0.0019082463678298722
2023-10-01,close_location,-0.001677762471348073
2023-10-01,body_fraction,-0.0012694834723034332
2023-10-01,range_over_20d,0.0024857320233392785
2023-10-01,realized_vol_30d,0.002228383907330524
2023-10-01,distance_high_20d,-0.00042223142181616594
2023-10-01,distance_low_20d,-0.0032726020243520225
2023-11-01,return_1d,0.0002449426949253086
2023-11-01,return_3d,0.0014964100006216786
2023-11-01,return_7d,0.0007867861004870273
2023-11-01,return_14d,-0.00013450082269862487
2023-11-01,return_30d,0.0037881029828364474
2023-11-01,return_90d,-0.0042366894938392
2023-11-01,close_location,-0.0012989989977672766
2023-11-01,body_fraction,-0.0011316052352178735
2023-11-01,range_over_20d,0.0023650307950695178
2023-11-01,realized_vol_30d,0.0014466386637181218
2023-11-01,distance_high_20d,-2.8145590982852495e-05
2023-11-01,distance_low_20d,-0.004451300705475584
2023-12-01,return_1d,-0.0003044728601662704
2023-12-01,return_3d,0.0018661406349425866
2023-12-01,return_7d,0.00040780070418296914
2023-12-01,return_14d,-0.00036968288599259085
2023-12-01,return_30d,0.0036105147683322633
2023-12-01,return_90d,-0.004811441375801099
2023-12-01,close_location,-0.0007499256425139917
2023-12-01,body_fraction,-0.0009430470381596895
2023-12-01,range_over_20d,0.0023004792817642758
2023-12-01,realized_vol_30d,0.0007262578937454942
2023-12-01,distance_high_20d,0.000477395804666383
2023-12-01,distance_low_20d,-0.00403439095171253
2024-01-01,return_1d,-0.0001208807333156714
2024-01-01,return_3d,0.002272254847748683
2024-01-01,return_7d,0.0006078672946755753
2024-01-01,return_14d,0.00032924908358116054
2024-01-01,return_30d,0.0038230571545867574
2024-01-01,return_90d,-0.004696010631855508
2024-01-01,close_location,-0.0008596343885557514
2024-01-01,body_fraction,-0.0009754784838817506
2024-01-01,range_over_20d,0.0023212389500654323
2024-01-01,realized_vol_30d,0.0010479594059754629
2024-01-01,distance_high_20d,0.00025539972149700294
2024-01-01,distance_low_20d,-0.0048611113643816616
2024-02-01,return_1d,-0.0012007927380471826
2024-02-01,return_3d,0.0019333012472512177
2024-02-01,return_7d,0.0013647600728138283
2024-02-01,return_14d,0.0005567962625359561
2024-02-01,return_30d,0.003309737729160202
2024-02-01,return_90d,-0.0045155258466497315
2024-02-01,close_location,-0.0002307609661501526
2024-02-01,body_fraction,-0.000617746935706728
2024-02-01,range_over_20d,0.003037234904648519
2024-02-01,realized_vol_30d,0.0015043792264582655
2024-02-01,distance_high_20d,0.0005445978491653458
2024-02-01,distance_low_20d,-0.005486647940188533
2024-03-01,return_1d,-0.0006983334299035841
2024-03-01,return_3d,0.002177921025834948
2024-03-01,return_7d,-0.00011110625451694073
2024-03-01,return_14d,0.0018608540753353327
2024-03-01,return_30d,0.0031169172446890384
2024-03-01,return_90d,-0.003807161537268196
2024-03-01,close_location,-0.0005156089467429844
2024-03-01,body_fraction,0.00025368682309624295
2024-03-01,range_over_20d,0.0025578376888400573
2024-03-01,realized_vol_30d,0.0006899641967645586
2024-03-01,distance_high_20d,0.0003337897454693381
2024-03-01,distance_low_20d,-0.004518438913086531
2024-04-01,return_1d,-0.0006838366515409023
2024-04-01,return_3d,0.00200966691889444
2024-04-01,return_7d,0.0005208908338952119
2024-04-01,return_14d,0.0013152555977270024
2024-04-01,return_30d,0.0036287673708904787
2024-04-01,return_90d,-0.003485087990283348
2024-04-01,close_location,-0.0005433579256686443
2024-04-01,body_fraction,0.00030659943565393774
2024-04-01,range_over_20d,0.002459410734209049
2024-04-01,realized_vol_30d,0.00033174712270491445
2024-04-01,distance_high_20d,-0.00036495467411155446
2024-04-01,distance_low_20d,-0.004055704621450674
2024-05-01,return_1d,-0.0006384118965742191
2024-05-01,return_3d,0.0024505274757174516
2024-05-01,return_7d,-0.00047828517701645835
2024-05-01,return_14d,0.0017210753258590538
2024-05-01,return_30d,0.004084322949283516
2024-05-01,return_90d,-0.003564060642587839
2024-05-01,close_location,-2.554699769711551e-05
2024-05-01,body_fraction,0.00016543784437898158
2024-05-01,range_over_20d,0.00192564795187202
2024-05-01,realized_vol_30d,4.25319165350447e-05
2024-05-01,distance_high_20d,-0.0010123666979956307
2024-05-01,distance_low_20d,-0.003920118848094382
2024-06-01,return_1d,0.0006249725781264433
2024-06-01,return_3d,0.0011112430200263554
2024-06-01,return_7d,0.00023589542923010132
2024-06-01,return_14d,0.002248631309688318
2024-06-01,return_30d,0.0038242591181600963
2024-06-01,return_90d,-0.00384421056173047
2024-06-01,close_location,5.1765521283164376e-05
2024-06-01,body_fraction,0.00010516196427015254
2024-06-01,range_over_20d,0.0018294900110475876
2024-06-01,realized_vol_30d,-0.0004999738327023332
2024-06-01,distance_high_20d,-0.0020957017802069964
2024-06-01,distance_low_20d,-0.004329408453318356
2024-07-01,return_1d,0.0005034279123576811
2024-07-01,return_3d,0.0010307781231659121
2024-07-01,return_7d,-0.000611395835852049
2024-07-01,return_14d,0.0044037265993645104
2024-07-01,return_30d,0.0020005412496319824
2024-07-01,return_90d,-0.003685402578159583
2024-07-01,close_location,-4.909380563574212e-05
2024-07-01,body_fraction,-0.0003745728142001602
2024-07-01,range_over_20d,0.0022216838309008094
2024-07-01,realized_vol_30d,-0.000561276186331641
2024-07-01,distance_high_20d,-0.0030210295992376007
2024-07-01,distance_low_20d,-0.004124846801624469
2024-08-01,return_1d,2.0071373273307742e-05
2024-08-01,return_3d,0.00014498144180389032
2024-08-01,return_7d,0.0015518887688463895
2024-08-01,return_14d,0.0009358238195524213
2024-08-01,return_30d,0.0016022619221973706
2024-08-01,return_90d,-0.0014281973520827614
2024-08-01,close_location,0.0003507682737420046
2024-08-01,body_fraction,-0.0007937456686517327
2024-08-01,range_over_20d,0.0021841984288148543
2024-08-01,realized_vol_30d,-0.0013169333193055431
2024-08-01,distance_high_20d,-0.0025742519549044017
2024-08-01,distance_low_20d,-0.0018620632230782197
2024-09-01,return_1d,-7.661810288353946e-05
2024-09-01,return_3d,0.0010165182393308296
2024-09-01,return_7d,0.0009819875582800393
2024-09-01,return_14d,0.0017087325211013406
2024-09-01,return_30d,0.0013328230891620457
2024-09-01,return_90d,-0.0009333170145872718
2024-09-01,close_location,0.0003545269903001785
2024-09-01,body_fraction,-0.0008698022281969927
2024-09-01,range_over_20d,0.0024119988238819156
2024-09-01,realized_vol_30d,-0.0015058619123402555
2024-09-01,distance_high_20d,-0.0037843840893238565
2024-09-01,distance_low_20d,-0.0014584967888012998
2024-10-01,return_1d,0.0006644349228593958
2024-10-01,return_3d,0.00044613477406449235
2024-10-01,return_7d,0.0005076628767006091
2024-10-01,return_14d,0.0025915081731613023
2024-10-01,return_30d,6.744351004309624e-05
2024-10-01,return_90d,-0.00015801703802331257
2024-10-01,close_location,-0.0005180654646921482
2024-10-01,body_fraction,-0.00029627680088216993
2024-10-01,range_over_20d,0.002151693387359253
2024-10-01,realized_vol_30d,-0.0011089040021674047
2024-10-01,distance_high_20d,-0.0032795238741013324
2024-10-01,distance_low_20d,-0.0012489846762280801
2024-11-01,return_1d,0.0011818825951112337
2024-11-01,return_3d,0.0004580862931849281
2024-11-01,return_7d,0.0007476931568394339
2024-11-01,return_14d,0.0021706614192638952
2024-11-01,return_30d,0.0001261536479910239
2024-11-01,return_90d,0.00022032956609896413
2024-11-01,close_location,-0.0012544001282662294
2024-11-01,body_fraction,-0.00017485910557459594
2024-11-01,range_over_20d,0.001971504025114075
2024-11-01,realized_vol_30d,-0.0009187111874891585
2024-11-01,distance_high_20d,-0.0034420137177978965
2024-11-01,distance_low_20d,-0.0013353114386461247
2024-12-01,return_1d,0.0019568383086832446
2024-12-01,return_3d,0.001399617596714668
2024-12-01,return_7d,-0.0005458353509815835
2024-12-01,return_14d,0.0016126622032366547
2024-12-01,return_30d,0.0013581697993371375
2024-12-01,return_90d,-0.0002453559400373159
2024-12-01,close_location,-0.0021073161633075868
2024-12-01,body_fraction,-0.00017023387384399653
2024-12-01,range_over_20d,0.0015580334201923947
2024-12-01,realized_vol_30d,-0.0001543956281705693
2024-12-01,distance_high_20d,-0.0029810620668713817
2024-12-01,distance_low_20d,-0.0008188027427428965
2025-01-01,return_1d,0.0019223325537628926
2025-01-01,return_3d,0.001203140470519653
2025-01-01,return_7d,-9.229357605143474e-05
2025-01-01,return_14d,0.002045705874642893
2025-01-01,return_30d,0.0014782325593879272
2025-01-01,return_90d,-0.0005908656546222041
2025-01-01,close_location,-0.0015152694191674216
2025-01-01,body_fraction,-0.000258501383700977
2025-01-01,range_over_20d,0.0017452142742713538
2025-01-01,realized_vol_30d,-0.0004185413862750045
2025-01-01,distance_high_20d,-0.0034917419881323295
2025-01-01,distance_low_20d,-0.0010471639871528745
2025-02-01,return_1d,0.0019633066380438753
2025-02-01,return_3d,0.0013834583789906847
2025-02-01,return_7d,-0.0005397728778484625
2025-02-01,return_14d,0.0015110837292244582
2025-02-01,return_30d,0.0021041954554798536
2025-02-01,return_90d,-0.0006932928360460751
2025-02-01,close_location,-0.0017869757688791764
2025-02-01,body_fraction,-0.0005481467145431488
2025-02-01,range_over_20d,0.002025660003874417
2025-02-01,realized_vol_30d,-0.0005065249710013206
2025-02-01,distance_high_20d,-0.003909788528703055
2025-02-01,distance_low_20d,-0.0005463734870143718
2025-03-01,return_1d,0.00231655606036219
2025-03-01,return_3d,0.0011292925572892235
2025-03-01,return_7d,0.00042906517088712716
2025-03-01,return_14d,0.0015664140527818715
2025-03-01,return_30d,0.0032155106241502163
2025-03-01,return_90d,-0.0007416417828564725
2025-03-01,close_location,-0.0014573066377904851
2025-03-01,body_fraction,-0.0007171392116159755
2025-03-01,range_over_20d,0.0025290865150776345
2025-03-01,realized_vol_30d,-0.0008460861453952022
2025-03-01,distance_high_20d,-0.004965747302709818
2025-03-01,distance_low_20d,-0.0013585682800721
2025-04-01,return_1d,0.0012422993341269907
2025-04-01,return_3d,0.002198398703179966
2025-04-01,return_7d,-0.0005215299567827127
2025-04-01,return_14d,0.0020263115782618224
2025-04-01,return_30d,0.0031705126664083884
2025-04-01,return_90d,-0.00011551907131657267
2025-04-01,close_location,-0.0011677392366106455
2025-04-01,body_fraction,-0.0005168319084590939
2025-04-01,range_over_20d,0.002134051477396672
2025-04-01,realized_vol_30d,-0.0014893759118801767
2025-04-01,distance_high_20d,-0.005021461753305696
2025-04-01,distance_low_20d,-0.0013431853339129407
2025-05-01,return_1d,0.001848750219564363
2025-05-01,return_3d,0.0018427498607074245
2025-05-01,return_7d,-0.00038132228378612635
2025-05-01,return_14d,0.0032857936434089545
2025-05-01,return_30d,0.00317859552082954
2025-05-01,return_90d,-0.0004912730980417677
2025-05-01,close_location,-0.001459769620581823
2025-05-01,body_fraction,-0.00035450031195969673
2025-05-01,range_over_20d,0.0024194775124534306
2025-05-01,realized_vol_30d,-0.0021072509080012993
2025-05-01,distance_high_20d,-0.0065703908031637245
2025-05-01,distance_low_20d,-0.0010517686895224372
2025-06-01,return_1d,0.0026032767992084367
2025-06-01,return_3d,0.0017910364969379935
2025-06-01,return_7d,-0.0006278220034702536
2025-06-01,return_14d,0.0024714335737088043
2025-06-01,return_30d,0.0037287896730310963
2025-06-01,return_90d,-0.0011703250305207698
2025-06-01,close_location,-0.001979225057437989
2025-06-01,body_fraction,0.000134483684546763
2025-06-01,range_over_20d,0.002842224109371372
2025-06-01,realized_vol_30d,-0.0018455697029789303
2025-06-01,distance_high_20d,-0.005257521300337327
2025-06-01,distance_low_20d,-0.0008619781732923561
2025-07-01,return_1d,0.0031624245256882486
2025-07-01,return_3d,0.0008994079568813402
2025-07-01,return_7d,-0.0005974342014684995
2025-07-01,return_14d,0.002849363942719058
2025-07-01,return_30d,0.0036561656813309472
2025-07-01,return_90d,-0.0010878241305937173
2025-07-01,close_location,-0.0015322380943899776
2025-07-01,body_fraction,-0.0002384108866971164
2025-07-01,range_over_20d,0.002649575283565769
2025-07-01,realized_vol_30d,-0.0020161868286406987
2025-07-01,distance_high_20d,-0.005612334091679634
2025-07-01,distance_low_20d,-0.0008417501557399211
2025-08-01,return_1d,0.0033016364106043827
2025-08-01,return_3d,0.0008201846709410716
2025-08-01,return_7d,-0.00019705460151560862
2025-08-01,return_14d,0.0031749300430015414
2025-08-01,return_30d,0.002338090429044356
2025-08-01,return_90d,0.0001736732245094442
2025-08-01,close_location,-0.001732705937256122
2025-08-01,body_fraction,-8.082449991341722e-05
2025-08-01,range_over_20d,0.002570294204827507
2025-08-01,realized_vol_30d,-0.0012025145681652965
2025-08-01,distance_high_20d,-0.004782492458610076
2025-08-01,distance_low_20d,-0.0008082632312648122
2025-09-01,return_1d,0.004162461097279373
2025-09-01,return_3d,0.0010747573125339219
2025-09-01,return_7d,-0.0006017003966661897
2025-09-01,return_14d,0.0032290456896775445
2025-09-01,return_30d,0.0028326496907185596
2025-09-01,return_90d,0.00010177676057806123
2025-09-01,close_location,-0.002369384320911124
2025-09-01,body_fraction,-0.00039391261132963015
2025-09-01,range_over_20d,0.002854774377711218
2025-09-01,realized_vol_30d,-0.0014751129496950535
2025-09-01,distance_high_20d,-0.004794400489869125
2025-09-01,distance_low_20d,-0.0015057378183159326
2025-10-01,return_1d,0.003923176639710321
2025-10-01,return_3d,0.0012306501655025826
2025-10-01,return_7d,-0.00046171259021281886
2025-10-01,return_14d,0.002998054904864013
2025-10-01,return_30d,0.003014499517506989
2025-10-01,return_90d,-0.00015322020581119946
2025-10-01,close_location,-0.002235791079047964
2025-10-01,body_fraction,-0.0005417886140176854
2025-10-01,range_over_20d,0.0027884003617429944
2025-10-01,realized_vol_30d,-0.0014233897736012269
2025-10-01,distance_high_20d,-0.004978777508883804
2025-10-01,distance_low_20d,-0.0013138576653585693
2025-11-01,return_1d,0.00422965193505945
2025-11-01,return_3d,0.0011742041507325474
2025-11-01,return_7d,0.00023389997223437583
2025-11-01,return_14d,0.0028753383130571053
2025-11-01,return_30d,0.003693339842329105
2025-11-01,return_90d,-0.0005210350898024388
2025-11-01,close_location,-0.0020852628307007903
2025-11-01,body_fraction,-0.0008186167386904667
2025-11-01,range_over_20d,0.0031729821480840463
2025-11-01,realized_vol_30d,-0.001645105913243016
2025-11-01,distance_high_20d,-0.00570477630107194
2025-11-01,distance_low_20d,-0.0018667205137043528
2025-12-01,return_1d,0.004148434055692056
2025-12-01,return_3d,0.0012276114988232368
2025-12-01,return_7d,0.00027075331026893136
2025-12-01,return_14d,0.0026655814179031207
2025-12-01,return_30d,0.003913388591065315
2025-12-01,return_90d,-0.00027361311398492965
2025-12-01,close_location,-0.0017895395901439141
2025-12-01,body_fraction,-0.0005208836047665028
2025-12-01,range_over_20d,0.0032858477671168515
2025-12-01,realized_vol_30d,-0.001057418161914151
2025-12-01,distance_high_20d,-0.005613803676326291
2025-12-01,distance_low_20d,-0.0015354471797693362
2026-01-01,return_1d,0.004282929770337145
2026-01-01,return_3d,0.0004966348153997216
2026-01-01,return_7d,0.0008192202107823143
2026-01-01,return_14d,0.0027044746430278837
2026-01-01,return_30d,0.0036491805081984748
2026-01-01,return_90d,-0.00019521706550197984
2026-01-01,close_location,-0.00181646951961818
2026-01-01,body_fraction,-0.0005926274707548433
2026-01-01,range_over_20d,0.0035826415449434334
2026-01-01,realized_vol_30d,-0.0009470283062918243
2026-01-01,distance_high_20d,-0.005777660299621733
2026-01-01,distance_low_20d,-0.0013004962848091012
2026-02-01,return_1d,0.0039029816508521116
2026-02-01,return_3d,0.0006141933435856267
2026-02-01,return_7d,0.0006367780352871972
2026-02-01,return_14d,0.003528269234403173
2026-02-01,return_30d,0.0032864613432107464
2026-02-01,return_90d,3.768421243178628e-05
2026-02-01,close_location,-0.0014297086345656778
2026-02-01,body_fraction,-0.0007069169546631879
2026-02-01,range_over_20d,0.0029862948712114975
2026-02-01,realized_vol_30d,-0.0007447916405272202
2026-02-01,distance_high_20d,-0.006095976132569365
2026-02-01,distance_low_20d,-0.0013096654044949408
2026-03-01,return_1d,0.004435155846391263
2026-03-01,return_3d,-0.00033821852138093094
2026-03-01,return_7d,0.0013051265766397305
2026-03-01,return_14d,0.003639609749524979
2026-03-01,return_30d,0.003606194415672627
2026-03-01,return_90d,0.00020826513724724174
2026-03-01,close_location,-0.0013489628349595535
2026-03-01,body_fraction,-0.0011794275013410507
2026-03-01,range_over_20d,0.0027275261736125836
2026-03-01,realized_vol_30d,0.0007419489580379585
2026-03-01,distance_high_20d,-0.006030982743638485
2026-03-01,distance_low_20d,-0.0019957279737566015
2026-04-01,return_1d,0.004689003434678812
2026-04-01,return_3d,-0.0007463851457476046
2026-04-01,return_7d,0.001045248674643405
2026-04-01,return_14d,0.0034387009302082683
2026-04-01,return_30d,0.0032751289553984092
2026-04-01,return_90d,8.543788898648842e-05
2026-04-01,close_location,-0.0017779907048573762
2026-04-01,body_fraction,-0.0010231140760284313
2026-04-01,range_over_20d,0.0027815435914001914
2026-04-01,realized_vol_30d,0.0005998878765646995
2026-04-01,distance_high_20d,-0.0055017631131317685
2026-04-01,distance_low_20d,-0.0017298196150229974
2026-05-01,return_1d,0.004580106961859294
2026-05-01,return_3d,-0.0007779555202407764
2026-05-01,return_7d,0.0016432242834135268
2026-05-01,return_14d,0.0034613091900325267
2026-05-01,return_30d,0.003299005557440103
2026-05-01,return_90d,0.0001389114598934856
2026-05-01,close_location,-0.002368712613661626
2026-05-01,body_fraction,-0.0012985744396469782
2026-05-01,range_over_20d,0.0029394080544358834
2026-05-01,realized_vol_30d,0.000626061543058895
2026-05-01,distance_high_20d,-0.005582107608045378
2026-05-01,distance_low_20d,-0.0020470309646652444
2026-06-01,return_1d,0.00449403940871209
2026-06-01,return_3d,-0.0002177760071224528
2026-06-01,return_7d,0.0014716161752684367
2026-06-01,return_14d,0.0033522250124495318
2026-06-01,return_30d,0.003294088406336119
2026-06-01,return_90d,4.030198053539922e-05
2026-06-01,close_location,-0.0025057211049634965
2026-06-01,body_fraction,-0.0015320795919958681
2026-06-01,range_over_20d,0.003604357973206385
2026-06-01,realized_vol_30d,0.0012143765079712
2026-06-01,distance_high_20d,-0.005322568776517817
2026-06-01,distance_low_20d,-0.001958104057331857
2026-07-01,return_1d,0.005016843618111131
2026-07-01,return_3d,-0.0008599177223121243
2026-07-01,return_7d,0.0016140643034560204
2026-07-01,return_14d,0.0022351307949248617
2026-07-01,return_30d,0.003998267544733405
2026-07-01,return_90d,-0.00012739400868178938
2026-07-01,close_location,-0.0024467729483754856
2026-07-01,body_fraction,-0.0015639230054086885
2026-07-01,range_over_20d,0.0029492509192039136
2026-07-01,realized_vol_30d,0.0019287507068189637
2026-07-01,distance_high_20d,-0.004705736407189258
2026-07-01,distance_low_20d,-0.001796957119814372
2026-08-01,return_1d,0.005578701803338514
2026-08-01,return_3d,-0.0013638212135755798
2026-08-01,return_7d,0.0013939174139370293
2026-08-01,return_14d,0.0023524218724465806
2026-08-01,return_30d,0.00426463715285568
2026-08-01,return_90d,-0.0004824105841193051
2026-08-01,close_location,-0.0030787094010986944
2026-08-01,body_fraction,-0.0010799305018866388
2026-08-01,range_over_20d,0.0025566090702177626
2026-08-01,realized_vol_30d,0.0022253806907660627
2026-08-01,distance_high_20d,-0.004213605809046065
2026-08-01,distance_low_20d,-0.0020698169505157502
