timestamp,setup_day,setup_high,setup_low,setup_range
2022-01-03,2022-01-02,3792.27,3717.08,0.020228243675142865
2022-01-14,2022-01-13,3416.5,3271.28,0.04439240908757425
2022-01-15,2022-01-14,3322.62,3185.54,0.04303195062689524
2022-01-16,2022-01-15,3370.69,3258.09,0.034560125717828516
2022-01-17,2022-01-16,3380.0,3270.0,0.033639143730886945
2022-01-29,2022-01-28,2495.77,2316.2,0.07752784733615403
2022-01-31,2022-01-30,2647.36,2527.23,0.047534256874127045
2022-02-07,2022-02-06,3054.74,2951.48,0.0349858376136718
2022-02-14,2022-02-13,2984.52,2862.75,0.04253602305475512
2022-02-28,2022-02-27,2855.0,2678.0,0.06609410007468264
2022-03-03,2022-03-02,3046.0,2896.16,0.05173747306778642
2022-03-06,2022-03-05,2697.68,2572.01,0.04886061873787417
2022-03-07,2022-03-06,2687.8,2587.8,0.038642862663266
2022-03-13,2022-03-12,2600.0,2526.42,0.02912421529278575
2022-03-27,2022-03-26,3140.0,3075.43,0.0209954380363071
2022-04-11,2022-04-10,3268.91,3202.3,0.020800674515192075
2022-04-17,2022-04-16,3065.0,3008.56,0.018759805355385906
2022-04-24,2022-04-23,2982.72,2911.72,0.02438421276771119
2022-04-25,2022-04-24,2978.0,2912.0,0.022664835164835084
2022-05-08,2022-05-07,2713.73,2652.75,0.022987465837338572
2022-05-16,2022-05-15,2099.87,1954.58,0.07433310481024047
2022-05-18,2022-05-17,2123.69,1978.2,0.07354665857850562
2022-05-20,2022-05-19,2040.76,1902.15,0.07287017322503475
2022-05-21,2022-05-20,2064.39,1951.02,0.058108066549804605
2022-05-22,2022-05-21,1989.11,1922.28,0.03476600703331467
2022-05-30,2022-05-29,1829.0,1758.86,0.039878102862081155
2022-06-05,2022-06-04,1795.69,1743.07,0.030188116369394224
2022-06-06,2022-06-05,1816.75,1766.64,0.028364579087986286
2022-06-18,2022-06-17,1134.3,1050.22,0.08005941612233625
2022-06-26,2022-06-25,1247.0,1181.5,0.055438002539145215
2022-07-03,2022-07-02,1092.71,1027.28,0.06369246943384477
2022-07-04,2022-07-03,1089.0,1040.2,0.046914054989425136
2022-07-10,2022-07-09,1255.24,1204.76,0.04190046150270588
2022-07-21,2022-07-20,1622.1,1510.58,0.07382594764924733
2022-07-24,2022-07-23,1596.67,1501.0,0.06373750832778158
2022-07-31,2022-07-30,1766.56,1668.02,0.059076030263426116
2022-08-01,2022-07-31,1737.9,1673.0,0.03879258816497311
2022-08-08,2022-08-07,1724.49,1668.0,0.03386690647482005
2022-08-13,2022-08-12,1914.7,1852.0,0.033855291576673885
2022-08-15,2022-08-14,2031.54,1967.0,0.03281138790035576
2022-08-26,2022-08-25,1722.0,1651.0,0.04300423985463353
2022-09-05,2022-09-04,1584.0,1535.0,0.0319218241042345
2022-09-11,2022-09-10,1745.3,1695.62,0.02929901746853658
2022-09-18,2022-09-17,1456.49,1405.0,0.03664768683274011
2022-09-26,2022-09-25,1348.55,1297.0,0.03974556669236695
2022-10-02,2022-10-01,1362.0,1316.0,0.0349544072948329
2022-10-03,2022-10-02,1324.8,1283.83,0.031912324840516204
2022-10-09,2022-10-08,1337.79,1316.11,0.016472787229031116
2022-10-17,2022-10-16,1290.53,1263.2,0.021635528815706184
2022-10-23,2022-10-22,1319.0,1294.11,0.019233295469473388
2022-10-24,2022-10-23,1320.6,1299.0,0.016628175519630473
2022-11-06,2022-11-05,1668.18,1607.88,0.03750279871632212
2022-11-07,2022-11-06,1642.93,1607.39,0.02211037769303026
2022-11-18,2022-11-17,1228.98,1181.1,0.04053848107696223
2022-11-19,2022-11-18,1235.0,1189.01,0.03867923734871859
2022-11-20,2022-11-19,1215.99,1195.0,0.017564853556485405
2022-11-28,2022-11-27,1222.88,1196.0,0.022474916387960064
2022-12-07,2022-12-06,1270.82,1241.0,0.024029008863819534
2022-12-11,2022-12-10,1279.8,1255.0,0.019760956175298716
2022-12-12,2022-12-11,1284.54,1262.0,0.017860538827258354
2022-12-19,2022-12-18,1196.0,1170.16,0.02208245026321176
2022-12-20,2022-12-19,1195.0,1173.22,0.018564293141951183
2022-12-22,2022-12-21,1222.8,1203.28,0.016222325643241886
2022-12-25,2022-12-24,1222.62,1214.7,0.006520128426771965
2023-01-01,2022-12-31,1209.0,1191.88,0.014363862133771832
2023-01-02,2023-01-01,1206.5,1191.0,0.013014273719563318
2023-01-21,2023-01-20,1569.84,1522.12,0.031351010432817406
2023-01-25,2023-01-24,1641.88,1603.0,0.024254522769806774
2023-02-02,2023-02-01,1606.0,1563.28,0.027327158282585362
2023-02-07,2023-02-06,1650.65,1608.0,0.02652363184079598
2023-02-20,2023-02-19,1726.84,1679.0,0.028493150684931523
2023-03-01,2023-02-28,1647.69,1606.5,0.025639589169000887
2023-03-05,2023-03-04,1577.07,1547.0,0.01943762120232706
2023-03-07,2023-03-06,1583.26,1554.26,0.01865839692200799
2023-03-17,2023-03-16,1670.0,1611.29,0.036436643931260004
2023-03-23,2023-03-22,1826.55,1773.96,0.029645538794561332
2023-03-26,2023-03-25,1769.62,1725.84,0.0253673573448292
2023-04-02,2023-04-01,1843.77,1813.0,0.016971869829012665
2023-04-09,2023-04-08,1880.28,1851.9,0.015324801555159473
2023-04-17,2023-04-16,2110.33,2072.51,0.018248404109027172
2023-04-24,2023-04-23,1887.43,1847.0,0.021889550622631315
2023-04-30,2023-04-29,1918.0,1882.98,0.018598179481460253
2023-05-11,2023-05-10,1886.99,1834.13,0.02882020358426063
2023-05-15,2023-05-14,1825.0,1785.69,0.022013899389031755
2023-05-21,2023-05-20,1822.99,1806.35,0.009211946743432842
2023-05-28,2023-05-27,1837.49,1812.0,0.014067328918322408
2023-06-04,2023-06-03,1912.26,1886.7,0.013547463825727357
2023-06-15,2023-06-14,1751.5,1729.48,0.012732150704257927
2023-06-27,2023-06-26,1909.79,1865.0,0.024016085790884656
2023-07-03,2023-07-02,1928.18,1885.0,0.02290716180371355
2023-07-05,2023-07-04,1975.51,1945.96,0.015185306995004977
2023-07-09,2023-07-08,1875.38,1854.97,0.011002873361833476
2023-07-22,2023-07-21,1901.99,1878.0,0.012774227902023538
2023-07-23,2023-07-22,1906.77,1883.68,0.012257920665930566
2023-07-27,2023-07-26,1867.38,1848.09,0.0104378033537329
2023-07-30,2023-07-29,1879.79,1866.36,0.007195825028397662
2023-08-07,2023-08-06,1839.0,1825.82,0.0072186743490596506
2023-08-14,2023-08-13,1852.87,1846.17,0.0036291349117361094
2023-08-27,2023-08-26,1656.04,1635.34,0.012657918231071319
2023-08-28,2023-08-27,1660.05,1644.12,0.009689073790234426
2023-09-04,2023-09-03,1641.0,1628.0,0.007985257985257954
2023-09-18,2023-09-17,1639.5,1618.78,0.012799762784319046
2023-09-24,2023-09-23,1599.41,1586.72,0.007997630331753491
2023-09-25,2023-09-24,1596.44,1588.4,0.005061697305464685
2023-10-09,2023-10-08,1641.5,1616.06,0.015741989777607213
2023-10-16,2023-10-15,1562.99,1548.5,0.009357442686470874
2023-10-23,2023-10-22,1649.5,1620.0,0.018209876543209935
2023-10-30,2023-10-29,1801.4,1762.0,0.022360953461975086
2023-11-04,2023-11-03,1813.92,1776.12,0.02128234578744692
2023-11-19,2023-11-18,1967.98,1905.0,0.03306036745406815
2023-11-20,2023-11-19,1971.24,1943.25,0.014403705133153144
2023-11-27,2023-11-26,2095.0,2060.4,0.01679285575616385
2023-12-01,2023-11-30,2052.9,2019.04,0.01677034630319363
2023-12-03,2023-12-02,2110.0,2078.4,0.015204003079291706
2023-12-10,2023-12-09,2407.39,2336.79,0.03021238536625015
2023-12-11,2023-12-10,2366.31,2322.5,0.018863293864370245
2023-12-18,2023-12-17,2264.0,2198.91,0.029601029601029616
2023-12-25,2023-12-24,2327.71,2273.31,0.023929864382772337
2024-01-01,2023-12-31,2323.82,2274.56,0.02165693584693318
2024-01-08,2024-01-07,2258.0,2222.3,0.016064437744678806
2024-01-15,2024-01-14,2590.45,2523.72,0.026441126590905473
2024-01-19,2024-01-18,2549.89,2503.5,0.01853005791891338
2024-01-22,2024-01-21,2482.58,2454.1,0.011605069068090224
2024-02-04,2024-02-03,2330.92,2286.08,0.019614361702127825
2024-02-05,2024-02-04,2313.69,2286.18,0.01203317324095221
2024-02-19,2024-02-18,2824.87,2743.39,0.029700480062987866
2024-02-25,2024-02-24,2969.93,2905.61,0.02213648769105281
2024-03-03,2024-03-02,3464.14,3376.77,0.025873838016803097
2024-03-11,2024-03-10,3968.0,3856.32,0.02896025226122312
2024-03-24,2024-03-23,3424.0,3246.0,0.05483672211953183
2024-03-25,2024-03-24,3436.68,3300.26,0.041336137152830243
2024-03-27,2024-03-26,3680.62,3543.15,0.038798808969419785
2024-03-30,2024-03-29,3587.85,3480.0,0.030991379310344902
2024-03-31,2024-03-30,3567.96,3472.93,0.02736306231337804
2024-04-07,2024-04-06,3362.65,3306.07,0.017113975203186804
2024-04-21,2024-04-20,3115.35,3017.35,0.03247883076209246
2024-04-27,2024-04-26,3192.56,3101.35,0.029409773163299846
2024-05-05,2024-05-04,3170.2,3062.09,0.03530595116407409
2024-05-06,2024-05-05,3173.93,3071.2,0.033449466006772566
2024-05-10,2024-05-09,3024.33,2934.04,0.03077326825810145
2024-05-12,2024-05-11,2946.78,2874.91,0.024999043448316716
2024-05-13,2024-05-12,2944.56,2901.03,0.015005015460026083
2024-05-20,2024-05-19,3137.68,3062.22,0.0246422530059891
2024-05-31,2024-05-30,3803.27,3703.16,0.027033668542542078
2024-06-02,2024-06-01,3814.65,3722.65,0.02471357769330984
2024-06-03,2024-06-02,3838.4,3771.03,0.017865145596826393
2024-06-06,2024-06-05,3842.0,3776.62,0.017311776138451807
2024-06-10,2024-06-09,3713.31,3666.86,0.012667513894721871
2024-06-17,2024-06-16,3612.49,3536.6,0.021458462930498134
2024-06-24,2024-06-23,3521.66,3472.06,0.014285467417037623
2024-07-14,2024-07-13,3172.92,3090.0,0.02683495145631065
2024-07-21,2024-07-20,3542.25,3464.59,0.02241535073414158
2024-07-22,2024-07-21,3540.89,3477.2,0.018316461520763827
2024-08-11,2024-08-10,2646.0,2552.22,0.036744481275125196
2024-08-16,2024-08-15,2681.95,2588.03,0.036290151196083364
2024-08-18,2024-08-17,2631.58,2563.93,0.02638527572905658
2024-09-09,2024-09-08,2311.55,2239.22,0.03230142638954647
2024-09-15,2024-09-14,2467.98,2395.67,0.03018362295307786
2024-09-16,2024-09-15,2432.41,2375.0,0.024172631578947223
2024-09-29,2024-09-28,2728.99,2650.0,0.029807547169811155
2024-09-30,2024-09-29,2684.97,2634.15,0.01929275098229022
2024-10-13,2024-10-12,2484.84,2433.55,0.021076205543341997
2024-10-20,2024-10-19,2676.44,2629.35,0.017909369235742822
2024-10-28,2024-10-27,2509.78,2455.41,0.02214294150467766
2024-11-16,2024-11-15,3182.8,3014.94,0.05567606652205348
2024-11-18,2024-11-17,3185.68,3035.0,0.04964744645799013
2024-11-19,2024-11-18,3158.47,3043.0,0.03794610581662816
2024-11-21,2024-11-20,3159.93,3065.01,0.0309689038534946
2024-11-29,2024-11-28,3686.75,3535.01,0.04292491393235087
2024-11-30,2024-11-29,3648.0,3530.22,0.033363359790608005
2024-12-02,2024-12-01,3747.99,3658.07,0.024581268264412648
2024-12-09,2024-12-08,4025.83,3923.32,0.02612838106501636
2024-12-16,2024-12-15,3912.86,3824.28,0.023162529940276233
2024-12-23,2024-12-22,3403.74,3273.58,0.039760751226485924
2024-12-26,2024-12-25,3548.5,3431.09,0.034219446298406675
2024-12-29,2024-12-28,3396.79,3308.14,0.026797535775390458
2024-12-30,2024-12-29,3429.41,3354.26,0.022404345518832747
2025-01-06,2025-01-05,3677.99,3593.15,0.023611594283567294
2025-01-23,2025-01-22,3369.65,3266.0,0.03173606858542555
2025-01-27,2025-01-26,3363.31,3292.0,0.02166160388821381
2025-02-07,2025-02-06,2858.59,2683.0,0.06544539694371987
2025-02-08,2025-02-07,2797.97,2654.95,0.05386918774364857
2025-02-10,2025-02-09,2699.96,2590.0,0.04245559845559854
2025-02-12,2025-02-11,2726.45,2626.12,0.03820465172954779
2025-02-17,2025-02-16,2728.02,2676.09,0.019405176955931802
2025-03-03,2025-03-02,2291.99,2169.05,0.05667919135105204
2025-03-09,2025-03-08,2216.19,2104.65,0.05299693535742289
2025-03-14,2025-03-13,1924.6,1853.09,0.03858959899411252
2025-03-16,2025-03-15,1945.89,1903.09,0.0224897403696096
2025-03-23,2025-03-22,2006.53,1945.6,0.031316817434210664
2025-03-24,2025-03-23,2021.27,1973.68,0.024112318106278563
2025-04-06,2025-04-05,1829.0,1778.02,0.028672343393212785
2025-04-14,2025-04-13,1662.4,1566.0,0.06155810983397192
2025-04-16,2025-04-15,1661.31,1601.0,0.03767020612117422
2025-04-19,2025-04-18,1617.7,1573.28,0.028234007932472327
2025-04-20,2025-04-19,1613.67,1581.62,0.020264033080006794
2025-04-27,2025-04-26,1841.36,1778.09,0.035583125713546604
2025-05-03,2025-05-02,1869.99,1811.35,0.03237364396720688
2025-05-04,2025-05-03,1870.45,1816.05,0.02995512238099174
2025-05-05,2025-05-04,1849.24,1807.57,0.02305304912119599
2025-05-16,2025-05-15,2646.43,2477.0,0.06840129188534516
2025-05-17,2025-05-16,2648.0,2510.0,0.05498007968127494
2025-05-25,2025-05-24,2586.35,2502.0,0.033713029576338815
2025-06-02,2025-06-01,2549.99,2466.0,0.03405920519059191
2025-06-03,2025-06-02,2556.32,2473.64,0.033424427159974845
2025-06-08,2025-06-07,2522.71,2455.92,0.0271955112544382
2025-06-09,2025-06-08,2544.92,2488.0,0.022877813504823097
2025-06-16,2025-06-15,2553.93,2486.31,0.027196930390820162
2025-06-28,2025-06-27,2463.27,2380.46,0.03478739403308606
2025-06-29,2025-06-28,2448.81,2386.58,0.026074969202792397
2025-06-30,2025-06-29,2462.81,2423.0,0.016430045398266646
2025-07-27,2025-07-26,3782.9,3615.27,0.0463672146202081
2025-07-28,2025-07-27,3843.13,3708.62,0.03626955579164215
2025-07-31,2025-07-30,3832.94,3715.01,0.03174419449745747
2025-08-07,2025-08-06,3667.97,3543.0,0.03527236804967537
2025-08-17,2025-08-16,4489.58,4365.48,0.028427572683874525
2025-08-25,2025-08-24,4830.0,4718.75,0.02357615894039733
2025-09-02,2025-09-01,4489.85,4343.0,0.033813032466037285
2025-09-07,2025-09-06,4341.75,4261.3,0.01887921526294778
2025-09-18,2025-09-17,4552.94,4444.0,0.024513951395139344
2025-09-21,2025-09-20,4504.73,4431.04,0.01663040730844223
2025-09-22,2025-09-21,4506.86,4442.01,0.014599246737400318
2025-09-29,2025-09-28,4032.0,3962.06,0.01765243333013644
2025-10-09,2025-10-08,4521.69,4408.14,0.02575916372891962
2025-10-19,2025-10-18,3925.95,3776.0,0.039711334745762716
2025-10-26,2025-10-25,3961.46,3863.65,0.025315440063152783
2025-11-02,2025-11-01,3905.0,3801.0,0.02736122073138647
2025-11-03,2025-11-02,3917.35,3836.04,0.02119633789011588
2025-11-11,2025-11-10,3657.0,3498.58,0.045281228384087324
2025-11-24,2025-11-23,2856.92,2731.78,0.04580895972589305
2025-11-25,2025-11-24,2884.62,2761.67,0.04452016352424426
2025-11-27,2025-11-26,2982.88,2869.18,0.03962804703782963
2025-11-29,2025-11-28,3098.0,2992.12,0.03538628129887833
2025-11-30,2025-11-29,3072.82,2982.0,0.03045606975184456
2025-12-14,2025-12-13,3134.13,3037.69,0.03174780836754243
2025-12-15,2025-12-14,3128.28,3046.55,0.026827066681984535
2025-12-21,2025-12-20,3006.58,2933.09,0.02505548755749043
2025-12-22,2025-12-21,3013.55,2942.43,0.024170498533525153
2025-12-26,2025-12-25,2970.61,2909.3,0.02107379782078156
2025-12-28,2025-12-27,2939.42,2905.39,0.011712713267409969
2026-01-12,2026-01-11,3130.0,3077.23,0.017148539433191612
2026-01-19,2026-01-18,3346.99,3293.1,0.01636451975342368
2026-01-26,2026-01-25,2966.88,2918.68,0.01651431469020248
2026-02-13,2026-02-12,2001.28,1908.01,0.04888339159648014
2026-02-15,2026-02-14,2107.55,2030.15,0.038125261680171496
2026-02-18,2026-02-17,2008.8,1940.01,0.0354585801104117
2026-02-22,2026-02-21,1995.75,1938.02,0.02978813428137994
2026-02-23,2026-02-22,1994.7,1942.29,0.026983612127952084
2026-03-08,2026-03-07,1995.0,1954.0,0.020982599795291712
2026-03-16,2026-03-15,2123.13,2066.86,0.0272248725119264
2026-03-22,2026-03-21,2168.0,2116.16,0.024497202479963676
2026-03-30,2026-03-29,2029.38,1982.06,0.02387415113568725
2026-04-04,2026-04-03,2082.0,2039.12,0.02102867903801653
2026-04-05,2026-04-04,2061.71,2042.68,0.00931619245305182
2026-04-12,2026-04-11,2256.93,2220.12,0.01658018485487278
2026-04-22,2026-04-21,2345.42,2288.22,0.024997596384963128
2026-04-25,2026-04-24,2338.81,2283.59,0.024181223424520004
2026-04-26,2026-04-25,2328.0,2301.0,0.011734028683181297
2026-05-03,2026-05-02,2313.34,2277.41,0.015776693700300104
2026-05-10,2026-05-09,2324.54,2285.14,0.017241832010292724
2026-05-11,2026-05-10,2351.17,2313.87,0.016120179612510777
2026-05-18,2026-05-17,2197.77,2167.02,0.014189993631807729
2026-05-31,2026-05-30,2043.34,2000.78,0.02127170403542622
2026-06-01,2026-05-31,2037.4,2004.5,0.01641307059116981
2026-06-10,2026-06-09,1713.69,1631.88,0.050132362673726005
2026-06-11,2026-06-10,1667.6,1605.0,0.03900311526479738
2026-06-13,2026-06-12,1694.32,1631.29,0.038638133011297704
2026-06-14,2026-06-13,1686.74,1656.47,0.018273799102911603
2026-06-22,2026-06-21,1745.64,1715.18,0.017759069018995044
2026-07-10,2026-07-09,1761.84,1720.15,0.02423625846583133
2026-07-19,2026-07-18,1855.65,1825.5,0.016516023007395297
2026-07-26,2026-07-25,1871.98,1850.46,0.011629540762837287
2026-08-02,2026-08-01,1877.49,1857.22,0.010914162027115815
2026-08-09,2026-08-08,1925.71,1902.72,0.012082702657248534
2026-08-10,2026-08-09,1926.74,1912.0,0.007709205020920429
