setup_day,setup_available_time,release_bar_time,available_time,side,setup_high,setup_low,setup_range
2020-01-11,2020-01-12,2020-01-12 00:48:00,2020-01-12 00:49:00,long,145.35,140.76,0.032608695652173836
2020-01-20,2020-01-21,2020-01-21 03:50:00,2020-01-21 03:51:00,long,167.63,161.36,0.03885721368368844
2020-01-21,2020-01-22,2020-01-22 03:40:00,2020-01-22 03:41:00,short,169.24,165.68,0.021487204249154956
2020-02-19,2020-02-20,2020-02-20 04:38:00,2020-02-20 04:39:00,short,286.28,272.38,0.05103164696380058
2020-02-22,2020-02-23,2020-02-23 12:03:00,2020-02-23 12:04:00,long,268.35,255.77,0.04918481448176104
2020-03-04,2020-03-05,2020-03-05 13:52:00,2020-03-05 13:53:00,long,228.63,219.92,0.03960531102218989
2020-03-26,2020-03-27,2020-03-27 07:29:00,2020-03-27 07:30:00,long,138.58,133.17,0.04062476533753867
2020-04-01,2020-04-02,2020-04-02 00:02:00,2020-04-02 00:03:00,short,135.0,130.33,0.03583211846850287
2020-04-15,2020-04-16,2020-04-16 07:02:00,2020-04-16 07:03:00,short,161.82,154.94,0.044404285529882515
2020-04-17,2020-04-18,2020-04-18 07:30:00,2020-04-18 07:31:00,long,174.79,168.24,0.038932477413219146
2020-04-24,2020-04-25,2020-04-25 13:15:00,2020-04-25 13:16:00,long,190.85,182.61,0.045123487213186486
2020-04-28,2020-04-29,2020-04-29 10:02:00,2020-04-29 10:03:00,long,197.63,191.18,0.033737838686054955
2020-05-02,2020-05-03,2020-05-03 00:31:00,2020-05-03 00:32:00,long,214.29,208.27,0.02890478705526478
2020-05-09,2020-05-10,2020-05-10 08:14:00,2020-05-10 08:15:00,short,215.0,208.43,0.03152137408242561
2020-05-19,2020-05-20,2020-05-20 23:20:00,2020-05-20 23:21:00,short,216.07,208.97,0.033976168828061315
2020-05-23,2020-05-24,2020-05-24 22:00:00,2020-05-24 22:01:00,short,211.17,204.44,0.03291919389551934
2020-06-03,2020-06-04,2020-06-04 02:41:00,2020-06-04 02:42:00,long,240.71,232.31,0.0361585812061469
2020-06-06,2020-06-07,2020-06-07 20:00:00,2020-06-07 20:01:00,short,244.84,238.0,0.02873949579831936
2020-06-10,2020-06-11,2020-06-11 02:36:00,2020-06-11 02:37:00,long,245.33,240.5,0.020083160083160134
2020-06-13,2020-06-14,2020-06-14 15:00:00,2020-06-14 15:01:00,short,238.6,234.06,0.01939673587968893
2020-06-21,2020-06-22,2020-06-22 09:53:00,2020-06-22 09:54:00,long,231.39,226.24,0.022763437057991442
2020-07-04,2020-07-05,2020-07-05 01:34:00,2020-07-05 01:35:00,long,227.46,224.23,0.014404852160727843
2020-07-11,2020-07-12,2020-07-12 21:18:00,2020-07-12 21:19:00,long,241.66,237.58,0.01717316272413494
2020-07-15,2020-07-16,2020-07-16 00:00:00,2020-07-16 00:01:00,short,242.0,238.0,0.01680672268907557
2020-07-17,2020-07-18,2020-07-18 17:05:00,2020-07-18 17:06:00,long,234.88,231.75,0.013505933117583524
2020-07-30,2020-07-31,2020-07-31 01:12:00,2020-07-31 01:13:00,long,323.61,314.2,0.0299490770210058
2020-08-10,2020-08-11,2020-08-11 21:15:00,2020-08-11 21:16:00,short,400.0,384.52,0.040257983980027
2020-08-23,2020-08-24,2020-08-24 15:00:00,2020-08-24 15:01:00,long,397.0,383.66,0.03477036959808166
2020-08-29,2020-08-30,2020-08-30 02:44:00,2020-08-30 02:45:00,long,404.24,390.81,0.034364524960978526
2020-09-08,2020-09-09,2020-09-09 06:17:00,2020-09-09 06:18:00,short,356.6,331.07,0.07711360135318834
2020-09-11,2020-09-12,2020-09-12 06:11:00,2020-09-12 06:12:00,long,373.51,355.69,0.05009980601085218
2020-09-12,2020-09-13,2020-09-13 02:04:00,2020-09-13 02:05:00,long,375.04,364.5,0.028916323731138505
2020-09-19,2020-09-20,2020-09-20 20:18:00,2020-09-20 20:19:00,short,388.65,375.31,0.03554395033439017
2020-09-26,2020-09-27,2020-09-27 08:47:00,2020-09-27 08:48:00,long,357.8,345.11,0.03677088464547529
2020-09-30,2020-10-01,2020-10-01 07:21:00,2020-10-01 07:22:00,long,360.6,351.57,0.02568478539124497
2020-10-03,2020-10-04,2020-10-04 02:15:00,2020-10-04 02:16:00,long,349.9,341.32,0.025137700691433285
2020-10-04,2020-10-05,2020-10-05 02:11:00,2020-10-05 02:12:00,long,351.0,344.0,0.02034883720930236
2020-10-11,2020-10-12,2020-10-12 18:42:00,2020-10-12 18:43:00,short,377.95,368.95,0.02439354926141757
2020-10-17,2020-10-18,2020-10-18 14:43:00,2020-10-18 14:44:00,long,370.8,363.0,0.02148760330578514
2020-11-01,2020-11-02,2020-11-02 04:20:00,2020-11-02 04:21:00,long,390.68,383.36,0.01909432387312182
2020-11-15,2020-11-16,2020-11-16 01:07:00,2020-11-16 01:08:00,short,462.3,450.6,0.025965379494008012
2020-11-29,2020-11-30,2020-11-30 05:01:00,2020-11-30 05:02:00,long,558.8,530.59,0.0531672289338283
2020-12-07,2020-12-08,2020-12-08 02:18:00,2020-12-08 02:19:00,short,604.18,589.93,0.0241554082687776
2020-12-15,2020-12-16,2020-12-16 20:21:00,2020-12-16 20:22:00,long,597.75,578.62,0.03306142200407858
2021-01-01,2021-01-02,2021-01-02 02:41:00,2021-01-02 02:42:00,short,749.49,724.31,0.03476412033521559
2021-01-09,2021-01-10,2021-01-10 04:23:00,2021-01-10 04:24:00,long,1241.39,1134.44,0.09427558971827521
2021-01-18,2021-01-19,2021-01-19 08:01:00,2021-01-19 08:02:00,long,1270.82,1182.88,0.07434397402948711
2021-01-23,2021-01-24,2021-01-24 11:55:00,2021-01-24 11:56:00,long,1273.38,1195.58,0.06507301895314432
2021-01-30,2021-01-31,2021-01-31 23:34:00,2021-01-31 23:35:00,short,1412.01,1311.81,0.07638301278386361
2021-02-01,2021-02-02,2021-02-02 05:55:00,2021-02-02 05:56:00,long,1347.26,1269.51,0.06124410205512354
2021-02-12,2021-02-13,2021-02-13 00:25:00,2021-02-13 00:26:00,long,1813.15,1739.85,0.04213006868408198
2021-02-14,2021-02-15,2021-02-15 09:22:00,2021-02-15 09:23:00,short,1854.9,1783.38,0.04010362345658236
2021-02-19,2021-02-20,2021-02-20 00:20:00,2021-02-20 00:21:00,long,1952.75,1893.77,0.031144225539532222
2021-03-02,2021-03-03,2021-03-03 00:57:00,2021-03-03 00:58:00,short,1603.63,1502.66,0.0671941756618264
2021-03-10,2021-03-11,2021-03-11 16:00:00,2021-03-11 16:01:00,short,1879.5,1758.0,0.0691126279863481
2021-03-14,2021-03-15,2021-03-15 00:03:00,2021-03-15 00:04:00,short,1947.0,1846.43,0.05446726927097156
2021-03-17,2021-03-18,2021-03-18 02:22:00,2021-03-18 02:23:00,long,1814.59,1741.06,0.042232892605654104
2021-03-20,2021-03-21,2021-03-21 08:00:00,2021-03-21 08:01:00,short,1872.87,1801.38,0.039686240548912455
2021-03-22,2021-03-23,2021-03-23 03:14:00,2021-03-23 03:15:00,short,1809.84,1753.45,0.03215945707034695
2021-03-28,2021-03-29,2021-03-29 02:48:00,2021-03-29 02:49:00,short,1734.0,1683.4,0.030058215516217235
2021-04-06,2021-04-07,2021-04-07 17:10:00,2021-04-07 17:11:00,short,2154.0,2046.65,0.05245156719517263
2021-04-09,2021-04-10,2021-04-10 10:55:00,2021-04-10 10:56:00,long,2102.78,2042.91,0.029306234733786685
2021-04-28,2021-04-29,2021-04-29 03:29:00,2021-04-29 03:30:00,long,2735.0,2566.0,0.06586126266562742
2021-04-29,2021-04-30,2021-04-30 17:06:00,2021-04-30 17:07:00,long,2795.86,2665.0,0.04910318949343351
2021-04-30,2021-05-01,2021-05-01 09:59:00,2021-05-01 10:00:00,long,2802.56,2683.45,0.044386890010993385
2021-05-02,2021-05-03,2021-05-03 02:50:00,2021-05-03 02:51:00,long,2957.03,2854.31,0.03598768178649148
2021-05-16,2021-05-17,2021-05-17 00:00:00,2021-05-17 00:01:00,short,3880.99,3623.42,0.07108477626110132
2021-05-25,2021-05-26,2021-05-26 09:44:00,2021-05-26 09:45:00,long,2749.88,2380.65,0.15509629722974827
2021-05-27,2021-05-28,2021-05-28 13:41:00,2021-05-28 13:42:00,short,2887.3,2635.0,0.09574952561669847
2021-06-01,2021-06-02,2021-06-02 21:31:00,2021-06-02 21:32:00,long,2740.8,2522.79,0.086416229650506
2021-06-03,2021-06-04,2021-06-04 13:41:00,2021-06-04 13:42:00,short,2890.81,2663.01,0.08554229987870854
2021-06-06,2021-06-07,2021-06-07 08:15:00,2021-06-07 08:16:00,long,2743.6,2552.05,0.0750573068709468
2021-06-07,2021-06-08,2021-06-08 04:48:00,2021-06-08 04:49:00,short,2847.7,2666.41,0.06799029406580392
2021-06-10,2021-06-11,2021-06-11 00:06:00,2021-06-11 00:07:00,short,2627.49,2492.69,0.05407812443585036
2021-06-11,2021-06-12,2021-06-12 00:26:00,2021-06-12 00:27:00,short,2524.27,2401.0,0.05134110787172008
2021-06-15,2021-06-16,2021-06-16 04:01:00,2021-06-16 04:02:00,short,2639.49,2519.29,0.04771185532431743
2021-07-02,2021-07-03,2021-07-03 06:54:00,2021-07-03 06:55:00,long,2141.61,2016.31,0.062143222024391154
2021-07-10,2021-07-11,2021-07-11 01:23:00,2021-07-11 01:24:00,short,2194.93,2085.1,0.052673732674691776
2021-07-11,2021-07-12,2021-07-12 05:35:00,2021-07-12 05:36:00,long,2161.58,2072.0,0.04323359073359079
2021-07-23,2021-07-24,2021-07-24 07:09:00,2021-07-24 07:10:00,long,2094.5,1989.17,0.052951733637647935
2021-07-25,2021-07-26,2021-07-26 08:13:00,2021-07-26 08:14:00,long,2199.0,2107.33,0.043500543341574494
2021-07-29,2021-07-30,2021-07-30 00:20:00,2021-07-30 00:21:00,long,2337.0,2251.26,0.03808533887689558
2021-08-06,2021-08-07,2021-08-07 00:02:00,2021-08-07 00:03:00,long,2850.84,2720.53,0.04789875502199936
2021-08-14,2021-08-15,2021-08-15 15:44:00,2021-08-15 15:45:00,short,3336.0,3196.7,0.04357618794381701
2021-08-21,2021-08-22,2021-08-22 03:20:00,2021-08-22 03:21:00,short,3313.98,3219.0,0.029506057781919948
2021-08-28,2021-08-29,2021-08-29 11:27:00,2021-08-29 11:28:00,short,3290.09,3209.0,0.02526955437831102
2021-09-04,2021-09-05,2021-09-05 01:26:00,2021-09-05 01:27:00,short,3986.0,3855.63,0.03381289179719005
2021-09-05,2021-09-06,2021-09-06 04:54:00,2021-09-06 04:55:00,long,3958.0,3831.21,0.033093983362958435
2021-09-06,2021-09-07,2021-09-07 16:11:00,2021-09-07 16:12:00,short,3988.44,3861.12,0.03297488811536553
2021-09-15,2021-09-16,2021-09-16 00:02:00,2021-09-16 00:03:00,long,3507.28,3331.0,0.052921044731311984
2021-09-16,2021-09-17,2021-09-17 04:51:00,2021-09-17 04:52:00,short,3677.64,3494.69,0.052350852293050254
2021-09-23,2021-09-24,2021-09-24 01:20:00,2021-09-24 01:21:00,long,3148.42,2990.16,0.052926933675790044
2021-09-27,2021-09-28,2021-09-28 00:46:00,2021-09-28 00:47:00,short,3166.16,3009.53,0.0520446714270999
2021-10-03,2021-10-04,2021-10-04 02:03:00,2021-10-04 02:04:00,long,3474.87,3342.02,0.0397514078311918
2021-10-08,2021-10-09,2021-10-09 04:55:00,2021-10-09 04:56:00,short,3676.58,3546.51,0.03667549224448807
2021-10-09,2021-10-10,2021-10-10 09:25:00,2021-10-10 09:26:00,short,3649.0,3530.0,0.03371104815864023
2021-10-26,2021-10-27,2021-10-27 04:18:00,2021-10-27 04:19:00,long,4262.01,4125.0,0.03321454545454561
2021-11-04,2021-11-05,2021-11-05 00:07:00,2021-11-05 00:08:00,short,4674.47,4460.55,0.047958211431325726
2021-11-05,2021-11-06,2021-11-06 18:42:00,2021-11-06 18:43:00,short,4574.0,4420.97,0.03461457553432834
2021-11-09,2021-11-10,2021-11-10 03:08:00,2021-11-10 03:09:00,short,4848.0,4728.45,0.02528312660597032
2021-11-20,2021-11-21,2021-11-21 02:23:00,2021-11-21 02:24:00,long,4335.0,4210.59,0.02954692810271231
2021-11-27,2021-11-28,2021-11-28 10:02:00,2021-11-28 10:03:00,short,4183.0,4022.0,0.04002983590253595
2021-12-12,2021-12-13,2021-12-13 02:03:00,2021-12-13 02:04:00,long,4099.18,3979.05,0.03019062339000511
2021-12-19,2021-12-20,2021-12-20 13:43:00,2021-12-20 13:44:00,short,4045.0,3885.26,0.04111436557656378
2021-12-22,2021-12-23,2021-12-23 08:19:00,2021-12-23 08:20:00,short,4076.0,3930.0,0.03715012722646316
2021-12-25,2021-12-26,2021-12-26 05:31:00,2021-12-26 05:32:00,long,4134.68,4017.14,0.029259622517512573
2021-12-27,2021-12-28,2021-12-28 01:24:00,2021-12-28 01:25:00,long,4116.2,4032.45,0.0207690113950576
2022-01-02,2022-01-03,2022-01-03 00:33:00,2022-01-03 00:34:00,long,3792.27,3717.08,0.020228243675142865
2022-01-13,2022-01-14,2022-01-14 01:16:00,2022-01-14 01:17:00,short,3416.5,3271.28,0.04439240908757425
2022-01-14,2022-01-15,2022-01-15 05:53:00,2022-01-15 05:54:00,long,3322.62,3185.54,0.04303195062689524
2022-01-16,2022-01-17,2022-01-17 00:21:00,2022-01-17 00:22:00,long,3380.0,3270.0,0.033639143730886945
2022-01-28,2022-01-29,2022-01-29 04:41:00,2022-01-29 04:42:00,long,2495.77,2316.2,0.07752784733615403
2022-01-30,2022-01-31,2022-01-31 09:54:00,2022-01-31 09:55:00,short,2647.36,2527.23,0.047534256874127045
2022-02-06,2022-02-07,2022-02-07 07:42:00,2022-02-07 07:43:00,long,3054.74,2951.48,0.0349858376136718
2022-02-13,2022-02-14,2022-02-14 02:39:00,2022-02-14 02:40:00,short,2984.52,2862.75,0.04253602305475512
2022-02-27,2022-02-28,2022-02-28 03:31:00,2022-02-28 03:32:00,short,2855.0,2678.0,0.06609410007468264
2022-03-02,2022-03-03,2022-03-03 11:38:00,2022-03-03 11:39:00,short,3046.0,2896.16,0.05173747306778642
2022-03-06,2022-03-07,2022-03-07 07:16:00,2022-03-07 07:17:00,short,2687.8,2587.8,0.038642862663266
2022-03-12,2022-03-13,2022-03-13 01:02:00,2022-03-13 01:03:00,long,2600.0,2526.42,0.02912421529278575
2022-03-26,2022-03-27,2022-03-27 04:27:00,2022-03-27 04:28:00,long,3140.0,3075.43,0.0209954380363071
2022-04-10,2022-04-11,2022-04-11 00:43:00,2022-04-11 00:44:00,long,3268.91,3202.3,0.020800674515192075
2022-04-16,2022-04-17,2022-04-17 06:01:00,2022-04-17 06:02:00,long,3065.0,3008.56,0.018759805355385906
2022-04-24,2022-04-25,2022-04-25 08:09:00,2022-04-25 08:10:00,short,2978.0,2912.0,0.022664835164835084
2022-05-07,2022-05-08,2022-05-08 05:30:00,2022-05-08 05:31:00,short,2713.73,2652.75,0.022987465837338572
2022-05-15,2022-05-16,2022-05-16 03:58:00,2022-05-16 03:59:00,long,2099.87,1954.58,0.07433310481024047
2022-05-17,2022-05-18,2022-05-18 22:40:00,2022-05-18 22:41:00,short,2123.69,1978.2,0.07354665857850562
2022-05-19,2022-05-20,2022-05-20 09:37:00,2022-05-20 09:38:00,long,2040.76,1902.15,0.07287017322503475
2022-05-20,2022-05-21,2022-05-21 00:03:00,2022-05-21 00:04:00,short,2064.39,1951.02,0.058108066549804605
2022-05-21,2022-05-22,2022-05-22 17:13:00,2022-05-22 17:14:00,long,1989.11,1922.28,0.03476600703331467
2022-05-29,2022-05-30,2022-05-30 09:37:00,2022-05-30 09:38:00,long,1829.0,1758.86,0.039878102862081155
2022-06-04,2022-06-05,2022-06-05 06:03:00,2022-06-05 06:04:00,long,1795.69,1743.07,0.030188116369394224
2022-06-05,2022-06-06,2022-06-06 00:05:00,2022-06-06 00:06:00,long,1816.75,1766.64,0.028364579087986286
2022-06-17,2022-06-18,2022-06-18 14:51:00,2022-06-18 14:52:00,short,1134.3,1050.22,0.08005941612233625
2022-06-25,2022-06-26,2022-06-26 05:39:00,2022-06-26 05:40:00,long,1247.0,1181.5,0.055438002539145215
2022-07-03,2022-07-04,2022-07-04 19:54:00,2022-07-04 19:55:00,long,1089.0,1040.2,0.046914054989425136
2022-07-09,2022-07-10,2022-07-10 10:26:00,2022-07-10 10:27:00,short,1255.24,1204.76,0.04190046150270588
2022-07-20,2022-07-21,2022-07-21 04:16:00,2022-07-21 04:17:00,short,1622.1,1510.58,0.07382594764924733
2022-07-23,2022-07-24,2022-07-24 01:23:00,2022-07-24 01:24:00,short,1596.67,1501.0,0.06373750832778158
2022-07-31,2022-08-01,2022-08-01 02:12:00,2022-08-01 02:13:00,long,1737.9,1673.0,0.03879258816497311
2022-08-07,2022-08-08,2022-08-08 05:06:00,2022-08-08 05:07:00,long,1724.49,1668.0,0.03386690647482005
2022-08-12,2022-08-13,2022-08-13 02:42:00,2022-08-13 02:43:00,long,1914.7,1852.0,0.033855291576673885
2022-08-14,2022-08-15,2022-08-15 00:46:00,2022-08-15 00:47:00,short,2031.54,1967.0,0.03281138790035576
2022-08-25,2022-08-26,2022-08-26 15:09:00,2022-08-26 15:10:00,short,1722.0,1651.0,0.04300423985463353
2022-09-04,2022-09-05,2022-09-05 08:03:00,2022-09-05 08:04:00,long,1584.0,1535.0,0.0319218241042345
2022-09-10,2022-09-11,2022-09-11 05:49:00,2022-09-11 05:50:00,long,1745.3,1695.62,0.02929901746853658
2022-09-17,2022-09-18,2022-09-18 00:14:00,2022-09-18 00:15:00,long,1456.49,1405.0,0.03664768683274011
2022-09-25,2022-09-26,2022-09-26 01:01:00,2022-09-26 01:02:00,short,1348.55,1297.0,0.03974556669236695
2022-10-01,2022-10-02,2022-10-02 00:20:00,2022-10-02 00:21:00,short,1362.0,1316.0,0.0349544072948329
2022-10-02,2022-10-03,2022-10-03 07:05:00,2022-10-03 07:06:00,short,1324.8,1283.83,0.031912324840516204
2022-10-08,2022-10-09,2022-10-09 05:42:00,2022-10-09 05:43:00,short,1337.79,1316.11,0.016472787229031116
2022-10-16,2022-10-17,2022-10-17 03:31:00,2022-10-17 03:32:00,long,1290.53,1263.2,0.021635528815706184
2022-10-23,2022-10-24,2022-10-24 01:46:00,2022-10-24 01:47:00,long,1320.6,1299.0,0.016628175519630473
2022-11-06,2022-11-07,2022-11-07 02:30:00,2022-11-07 02:31:00,short,1642.93,1607.39,0.02211037769303026
2022-11-17,2022-11-18,2022-11-18 10:41:00,2022-11-18 10:42:00,long,1228.98,1181.1,0.04053848107696223
2022-11-19,2022-11-20,2022-11-20 06:00:00,2022-11-20 06:01:00,long,1215.99,1195.0,0.017564853556485405
2022-11-27,2022-11-28,2022-11-28 07:43:00,2022-11-28 07:44:00,short,1222.88,1196.0,0.022474916387960064
2022-12-06,2022-12-07,2022-12-07 07:32:00,2022-12-07 07:33:00,long,1270.82,1241.0,0.024029008863819534
2022-12-10,2022-12-11,2022-12-11 00:01:00,2022-12-11 00:02:00,long,1279.8,1255.0,0.019760956175298716
2022-12-11,2022-12-12,2022-12-12 06:38:00,2022-12-12 06:39:00,short,1284.54,1262.0,0.017860538827258354
2022-12-19,2022-12-20,2022-12-20 00:40:00,2022-12-20 00:41:00,short,1195.0,1173.22,0.018564293141951183
2022-12-21,2022-12-22,2022-12-22 22:33:00,2022-12-22 22:34:00,short,1222.8,1203.28,0.016222325643241886
2022-12-24,2022-12-25,2022-12-25 03:00:00,2022-12-25 03:01:00,long,1222.62,1214.7,0.006520128426771965
2022-12-31,2023-01-01,2023-01-01 12:21:00,2023-01-01 12:22:00,short,1209.0,1191.88,0.014363862133771832
2023-01-01,2023-01-02,2023-01-02 15:14:00,2023-01-02 15:15:00,long,1206.5,1191.0,0.013014273719563318
2023-01-20,2023-01-21,2023-01-21 00:31:00,2023-01-21 00:32:00,long,1569.84,1522.12,0.031351010432817406
2023-01-24,2023-01-25,2023-01-25 05:54:00,2023-01-25 05:55:00,short,1641.88,1603.0,0.024254522769806774
2023-02-01,2023-02-02,2023-02-02 03:31:00,2023-02-02 03:32:00,short,1606.0,1563.28,0.027327158282585362
2023-02-06,2023-02-07,2023-02-07 00:02:00,2023-02-07 00:03:00,long,1650.65,1608.0,0.02652363184079598
2023-02-19,2023-02-20,2023-02-20 04:05:00,2023-02-20 04:06:00,short,1726.84,1679.0,0.028493150684931523
2023-02-28,2023-03-01,2023-03-01 05:34:00,2023-03-01 05:35:00,short,1647.69,1606.5,0.025639589169000887
2023-03-04,2023-03-05,2023-03-05 09:16:00,2023-03-05 09:17:00,long,1577.07,1547.0,0.01943762120232706
2023-03-06,2023-03-07,2023-03-07 23:00:00,2023-03-07 23:01:00,short,1583.26,1554.26,0.01865839692200799
2023-03-16,2023-03-17,2023-03-17 03:17:00,2023-03-17 03:18:00,long,1670.0,1611.29,0.036436643931260004
2023-03-22,2023-03-23,2023-03-23 02:35:00,2023-03-23 02:36:00,short,1826.55,1773.96,0.029645538794561332
2023-03-25,2023-03-26,2023-03-26 03:01:00,2023-03-26 03:02:00,short,1769.62,1725.84,0.0253673573448292
2023-04-01,2023-04-02,2023-04-02 03:20:00,2023-04-02 03:21:00,short,1843.77,1813.0,0.016971869829012665
2023-04-08,2023-04-09,2023-04-09 02:51:00,2023-04-09 02:52:00,short,1880.28,1851.9,0.015324801555159473
2023-04-16,2023-04-17,2023-04-17 02:55:00,2023-04-17 02:56:00,long,2110.33,2072.51,0.018248404109027172
2023-04-23,2023-04-24,2023-04-24 02:50:00,2023-04-24 02:51:00,short,1887.43,1847.0,0.021889550622631315
2023-04-29,2023-04-30,2023-04-30 23:02:00,2023-04-30 23:03:00,long,1918.0,1882.98,0.018598179481460253
2023-05-10,2023-05-11,2023-05-11 01:15:00,2023-05-11 01:16:00,short,1886.99,1834.13,0.02882020358426063
2023-05-14,2023-05-15,2023-05-15 09:53:00,2023-05-15 09:54:00,long,1825.0,1785.69,0.022013899389031755
2023-05-20,2023-05-21,2023-05-21 01:46:00,2023-05-21 01:47:00,long,1822.99,1806.35,0.009211946743432842
2023-05-27,2023-05-28,2023-05-28 08:41:00,2023-05-28 08:42:00,long,1837.49,1812.0,0.014067328918322408
2023-06-03,2023-06-04,2023-06-04 03:51:00,2023-06-04 03:52:00,short,1912.26,1886.7,0.013547463825727357
2023-06-14,2023-06-15,2023-06-15 02:07:00,2023-06-15 02:08:00,short,1751.5,1729.48,0.012732150704257927
2023-06-26,2023-06-27,2023-06-27 00:45:00,2023-06-27 00:46:00,short,1909.79,1865.0,0.024016085790884656
2023-07-02,2023-07-03,2023-07-03 06:16:00,2023-07-03 06:17:00,long,1928.18,1885.0,0.02290716180371355
2023-07-04,2023-07-05,2023-07-05 03:12:00,2023-07-05 03:13:00,short,1975.51,1945.96,0.015185306995004977
2023-07-08,2023-07-09,2023-07-09 03:21:00,2023-07-09 03:22:00,short,1875.38,1854.97,0.011002873361833476
2023-07-21,2023-07-22,2023-07-22 02:01:00,2023-07-22 02:02:00,long,1901.99,1878.0,0.012774227902023538
2023-07-22,2023-07-23,2023-07-23 02:11:00,2023-07-23 02:12:00,short,1906.77,1883.68,0.012257920665930566
2023-07-26,2023-07-27,2023-07-27 02:20:00,2023-07-27 02:21:00,long,1867.38,1848.09,0.0104378033537329
2023-07-29,2023-07-30,2023-07-30 04:08:00,2023-07-30 04:09:00,long,1879.79,1866.36,0.007195825028397662
2023-08-06,2023-08-07,2023-08-07 09:26:00,2023-08-07 09:27:00,long,1839.0,1825.82,0.0072186743490596506
2023-08-13,2023-08-14,2023-08-14 02:44:00,2023-08-14 02:45:00,long,1852.87,1846.17,0.0036291349117361094
2023-08-26,2023-08-27,2023-08-27 22:17:00,2023-08-27 22:18:00,long,1656.04,1635.34,0.012657918231071319
2023-08-27,2023-08-28,2023-08-28 13:32:00,2023-08-28 13:33:00,short,1660.05,1644.12,0.009689073790234426
2023-09-03,2023-09-04,2023-09-04 00:40:00,2023-09-04 00:41:00,short,1641.0,1628.0,0.007985257985257954
2023-09-17,2023-09-18,2023-09-18 04:58:00,2023-09-18 04:59:00,short,1639.5,1618.78,0.012799762784319046
2023-09-24,2023-09-25,2023-09-25 01:48:00,2023-09-25 01:49:00,long,1596.44,1588.4,0.005061697305464685
2023-10-08,2023-10-09,2023-10-09 16:34:00,2023-10-09 16:35:00,short,1641.5,1616.06,0.015741989777607213
2023-10-15,2023-10-16,2023-10-16 02:44:00,2023-10-16 02:45:00,long,1562.99,1548.5,0.009357442686470874
2023-10-22,2023-10-23,2023-10-23 06:43:00,2023-10-23 06:44:00,long,1649.5,1620.0,0.018209876543209935
2023-10-29,2023-10-30,2023-10-30 01:36:00,2023-10-30 01:37:00,long,1801.4,1762.0,0.022360953461975086
2023-11-03,2023-11-04,2023-11-04 00:01:00,2023-11-04 00:02:00,long,1813.92,1776.12,0.02128234578744692
2023-11-18,2023-11-19,2023-11-19 01:18:00,2023-11-19 01:19:00,long,1967.98,1905.0,0.03306036745406815
2023-11-19,2023-11-20,2023-11-20 00:09:00,2023-11-20 00:10:00,long,1971.24,1943.25,0.014403705133153144
2023-11-26,2023-11-27,2023-11-27 00:21:00,2023-11-27 00:22:00,short,2095.0,2060.4,0.01679285575616385
2023-11-30,2023-12-01,2023-12-01 07:48:00,2023-12-01 07:49:00,long,2052.9,2019.04,0.01677034630319363
2023-12-02,2023-12-03,2023-12-03 02:00:00,2023-12-03 02:01:00,long,2110.0,2078.4,0.015204003079291706
2023-12-09,2023-12-10,2023-12-10 07:34:00,2023-12-10 07:35:00,short,2407.39,2336.79,0.03021238536625015
2023-12-10,2023-12-11,2023-12-11 04:42:00,2023-12-11 04:43:00,long,2366.31,2322.5,0.018863293864370245
2023-12-17,2023-12-18,2023-12-18 07:34:00,2023-12-18 07:35:00,short,2264.0,2198.91,0.029601029601029616
2023-12-24,2023-12-25,2023-12-25 04:48:00,2023-12-25 04:49:00,short,2327.71,2273.31,0.023929864382772337
2023-12-31,2024-01-01,2024-01-01 06:51:00,2024-01-01 06:52:00,short,2323.82,2274.56,0.02165693584693318
2024-01-07,2024-01-08,2024-01-08 06:30:00,2024-01-08 06:31:00,short,2258.0,2222.3,0.016064437744678806
2024-01-14,2024-01-15,2024-01-15 02:27:00,2024-01-15 02:28:00,short,2590.45,2523.72,0.026441126590905473
2024-01-18,2024-01-19,2024-01-19 00:36:00,2024-01-19 00:37:00,short,2549.89,2503.5,0.01853005791891338
2024-01-21,2024-01-22,2024-01-22 08:38:00,2024-01-22 08:39:00,short,2482.58,2454.1,0.011605069068090224
2024-02-04,2024-02-05,2024-02-05 03:07:00,2024-02-05 03:08:00,short,2313.69,2286.18,0.01203317324095221
2024-02-18,2024-02-19,2024-02-19 02:49:00,2024-02-19 02:50:00,long,2824.87,2743.39,0.029700480062987866
2024-02-24,2024-02-25,2024-02-25 01:04:00,2024-02-25 01:05:00,long,2969.93,2905.61,0.02213648769105281
2024-03-02,2024-03-03,2024-03-03 15:27:00,2024-03-03 15:28:00,short,3464.14,3376.77,0.025873838016803097
2024-03-10,2024-03-11,2024-03-11 06:16:00,2024-03-11 06:17:00,short,3968.0,3856.32,0.02896025226122312
2024-03-23,2024-03-24,2024-03-24 00:42:00,2024-03-24 00:43:00,long,3424.0,3246.0,0.05483672211953183
2024-03-24,2024-03-25,2024-03-25 06:06:00,2024-03-25 06:07:00,long,3436.68,3300.26,0.041336137152830243
2024-03-26,2024-03-27,2024-03-27 17:04:00,2024-03-27 17:05:00,short,3680.62,3543.15,0.038798808969419785
2024-03-29,2024-03-30,2024-03-30 01:52:00,2024-03-30 01:53:00,short,3587.85,3480.0,0.030991379310344902
2024-03-30,2024-03-31,2024-03-31 13:14:00,2024-03-31 13:15:00,long,3567.96,3472.93,0.02736306231337804
2024-04-06,2024-04-07,2024-04-07 05:00:00,2024-04-07 05:01:00,long,3362.65,3306.07,0.017113975203186804
2024-04-20,2024-04-21,2024-04-21 01:16:00,2024-04-21 01:17:00,long,3115.35,3017.35,0.03247883076209246
2024-04-26,2024-04-27,2024-04-27 08:42:00,2024-04-27 08:43:00,short,3192.56,3101.35,0.029409773163299846
2024-05-04,2024-05-05,2024-05-05 16:49:00,2024-05-05 16:50:00,long,3170.2,3062.09,0.03530595116407409
2024-05-05,2024-05-06,2024-05-06 13:49:00,2024-05-06 13:50:00,long,3173.93,3071.2,0.033449466006772566
2024-05-09,2024-05-10,2024-05-10 00:24:00,2024-05-10 00:25:00,long,3024.33,2934.04,0.03077326825810145
2024-05-12,2024-05-13,2024-05-13 00:15:00,2024-05-13 00:16:00,long,2944.56,2901.03,0.015005015460026083
2024-05-19,2024-05-20,2024-05-20 00:33:00,2024-05-20 00:34:00,short,3137.68,3062.22,0.0246422530059891
2024-05-30,2024-05-31,2024-05-31 01:24:00,2024-05-31 01:25:00,long,3803.27,3703.16,0.027033668542542078
2024-06-01,2024-06-02,2024-06-02 05:35:00,2024-06-02 05:36:00,long,3814.65,3722.65,0.02471357769330984
2024-06-02,2024-06-03,2024-06-03 02:00:00,2024-06-03 02:01:00,short,3838.4,3771.03,0.017865145596826393
2024-06-05,2024-06-06,2024-06-06 01:54:00,2024-06-06 01:55:00,long,3842.0,3776.62,0.017311776138451807
2024-06-09,2024-06-10,2024-06-10 05:51:00,2024-06-10 05:52:00,long,3713.31,3666.86,0.012667513894721871
2024-06-16,2024-06-17,2024-06-17 06:05:00,2024-06-17 06:06:00,long,3612.49,3536.6,0.021458462930498134
2024-06-23,2024-06-24,2024-06-24 00:08:00,2024-06-24 00:09:00,short,3521.66,3472.06,0.014285467417037623
2024-07-13,2024-07-14,2024-07-14 06:41:00,2024-07-14 06:42:00,long,3172.92,3090.0,0.02683495145631065
2024-07-21,2024-07-22,2024-07-22 01:51:00,2024-07-22 01:52:00,short,3540.89,3477.2,0.018316461520763827
2024-08-10,2024-08-11,2024-08-11 11:21:00,2024-08-11 11:22:00,long,2646.0,2552.22,0.036744481275125196
2024-08-15,2024-08-16,2024-08-16 02:02:00,2024-08-16 02:03:00,short,2681.95,2588.03,0.036290151196083364
2024-08-17,2024-08-18,2024-08-18 11:00:00,2024-08-18 11:01:00,long,2631.58,2563.93,0.02638527572905658
2024-09-08,2024-09-09,2024-09-09 06:22:00,2024-09-09 06:23:00,long,2311.55,2239.22,0.03230142638954647
2024-09-14,2024-09-15,2024-09-15 02:07:00,2024-09-15 02:08:00,short,2467.98,2395.67,0.03018362295307786
2024-09-15,2024-09-16,2024-09-16 02:40:00,2024-09-16 02:41:00,short,2432.41,2375.0,0.024172631578947223
2024-09-28,2024-09-29,2024-09-29 15:22:00,2024-09-29 15:23:00,short,2728.99,2650.0,0.029807547169811155
2024-09-29,2024-09-30,2024-09-30 08:32:00,2024-09-30 08:33:00,short,2684.97,2634.15,0.01929275098229022
2024-10-12,2024-10-13,2024-10-13 00:15:00,2024-10-13 00:16:00,long,2484.84,2433.55,0.021076205543341997
2024-10-19,2024-10-20,2024-10-20 22:03:00,2024-10-20 22:04:00,long,2676.44,2629.35,0.017909369235742822
2024-10-27,2024-10-28,2024-10-28 05:43:00,2024-10-28 05:44:00,long,2509.78,2455.41,0.02214294150467766
2024-11-15,2024-11-16,2024-11-16 19:50:00,2024-11-16 19:51:00,long,3182.8,3014.94,0.05567606652205348
2024-11-18,2024-11-19,2024-11-19 00:13:00,2024-11-19 00:14:00,long,3158.47,3043.0,0.03794610581662816
2024-11-20,2024-11-21,2024-11-21 01:59:00,2024-11-21 02:00:00,short,3159.93,3065.01,0.0309689038534946
2024-11-28,2024-11-29,2024-11-29 00:52:00,2024-11-29 00:53:00,short,3686.75,3535.01,0.04292491393235087
2024-11-29,2024-11-30,2024-11-30 11:48:00,2024-11-30 11:49:00,long,3648.0,3530.22,0.033363359790608005
2024-12-01,2024-12-02,2024-12-02 11:01:00,2024-12-02 11:02:00,long,3747.99,3658.07,0.024581268264412648
2024-12-08,2024-12-09,2024-12-09 11:48:00,2024-12-09 11:49:00,short,4025.83,3923.32,0.02612838106501636
2024-12-15,2024-12-16,2024-12-16 00:36:00,2024-12-16 00:37:00,long,3912.86,3824.28,0.023162529940276233
2024-12-22,2024-12-23,2024-12-23 03:40:00,2024-12-23 03:41:00,short,3403.74,3273.58,0.039760751226485924
2024-12-25,2024-12-26,2024-12-26 13:13:00,2024-12-26 13:14:00,short,3548.5,3431.09,0.034219446298406675
2024-12-28,2024-12-29,2024-12-29 01:19:00,2024-12-29 01:20:00,long,3396.79,3308.14,0.026797535775390458
2024-12-29,2024-12-30,2024-12-30 00:17:00,2024-12-30 00:18:00,short,3429.41,3354.26,0.022404345518832747
2025-01-05,2025-01-06,2025-01-06 10:08:00,2025-01-06 10:09:00,long,3677.99,3593.15,0.023611594283567294
2025-01-22,2025-01-23,2025-01-23 00:10:00,2025-01-23 00:11:00,short,3369.65,3266.0,0.03173606858542555
2025-01-26,2025-01-27,2025-01-27 06:07:00,2025-01-27 06:08:00,short,3363.31,3292.0,0.02166160388821381
2025-02-06,2025-02-07,2025-02-07 03:01:00,2025-02-07 03:02:00,short,2858.59,2683.0,0.06544539694371987
2025-02-07,2025-02-08,2025-02-08 04:00:00,2025-02-08 04:01:00,short,2797.97,2654.95,0.05386918774364857
2025-02-09,2025-02-10,2025-02-10 05:41:00,2025-02-10 05:42:00,short,2699.96,2590.0,0.04245559845559854
2025-02-11,2025-02-12,2025-02-12 02:21:00,2025-02-12 02:22:00,short,2726.45,2626.12,0.03820465172954779
2025-02-16,2025-02-17,2025-02-17 02:19:00,2025-02-17 02:20:00,short,2728.02,2676.09,0.019405176955931802
2025-03-02,2025-03-03,2025-03-03 00:34:00,2025-03-03 00:35:00,long,2291.99,2169.05,0.05667919135105204
2025-03-08,2025-03-09,2025-03-09 01:20:00,2025-03-09 01:21:00,long,2216.19,2104.65,0.05299693535742289
2025-03-13,2025-03-14,2025-03-14 00:55:00,2025-03-14 00:56:00,short,1924.6,1853.09,0.03858959899411252
2025-03-15,2025-03-16,2025-03-16 04:06:00,2025-03-16 04:07:00,long,1945.89,1903.09,0.0224897403696096
2025-03-22,2025-03-23,2025-03-23 11:42:00,2025-03-23 11:43:00,long,2006.53,1945.6,0.031316817434210664
2025-03-23,2025-03-24,2025-03-24 12:37:00,2025-03-24 12:38:00,long,2021.27,1973.68,0.024112318106278563
2025-04-05,2025-04-06,2025-04-06 04:41:00,2025-04-06 04:42:00,short,1829.0,1778.02,0.028672343393212785
2025-04-13,2025-04-14,2025-04-14 18:21:00,2025-04-14 18:22:00,long,1662.4,1566.0,0.06155810983397192
2025-04-15,2025-04-16,2025-04-16 03:26:00,2025-04-16 03:27:00,short,1661.31,1601.0,0.03767020612117422
2025-04-19,2025-04-20,2025-04-20 01:37:00,2025-04-20 01:38:00,long,1613.67,1581.62,0.020264033080006794
2025-04-26,2025-04-27,2025-04-27 08:19:00,2025-04-27 08:20:00,long,1841.36,1778.09,0.035583125713546604
2025-05-03,2025-05-04,2025-05-04 01:08:00,2025-05-04 01:09:00,short,1870.45,1816.05,0.02995512238099174
2025-05-04,2025-05-05,2025-05-05 07:30:00,2025-05-05 07:31:00,short,1849.24,1807.57,0.02305304912119599
2025-05-16,2025-05-17,2025-05-17 08:19:00,2025-05-17 08:20:00,short,2648.0,2510.0,0.05498007968127494
2025-05-24,2025-05-25,2025-05-25 08:42:00,2025-05-25 08:43:00,short,2586.35,2502.0,0.033713029576338815
2025-06-02,2025-06-03,2025-06-03 02:21:00,2025-06-03 02:22:00,long,2556.32,2473.64,0.033424427159974845
2025-06-07,2025-06-08,2025-06-08 00:10:00,2025-06-08 00:11:00,long,2522.71,2455.92,0.0271955112544382
2025-06-08,2025-06-09,2025-06-09 11:06:00,2025-06-09 11:07:00,short,2544.92,2488.0,0.022877813504823097
2025-06-15,2025-06-16,2025-06-16 01:51:00,2025-06-16 01:52:00,long,2553.93,2486.31,0.027196930390820162
2025-06-28,2025-06-29,2025-06-29 17:33:00,2025-06-29 17:34:00,long,2448.81,2386.58,0.026074969202792397
2025-06-29,2025-06-30,2025-06-30 05:04:00,2025-06-30 05:05:00,short,2462.81,2423.0,0.016430045398266646
2025-07-26,2025-07-27,2025-07-27 10:53:00,2025-07-27 10:54:00,long,3782.9,3615.27,0.0463672146202081
2025-07-27,2025-07-28,2025-07-28 00:32:00,2025-07-28 00:33:00,long,3843.13,3708.62,0.03626955579164215
2025-07-30,2025-07-31,2025-07-31 03:04:00,2025-07-31 03:05:00,short,3832.94,3715.01,0.03174419449745747
2025-08-06,2025-08-07,2025-08-07 00:01:00,2025-08-07 00:02:00,long,3667.97,3543.0,0.03527236804967537
2025-08-16,2025-08-17,2025-08-17 16:50:00,2025-08-17 16:51:00,long,4489.58,4365.48,0.028427572683874525
2025-08-24,2025-08-25,2025-08-25 00:41:00,2025-08-25 00:42:00,long,4830.0,4718.75,0.02357615894039733
2025-09-01,2025-09-02,2025-09-02 01:11:00,2025-09-02 01:12:00,short,4489.85,4343.0,0.033813032466037285
2025-09-06,2025-09-07,2025-09-07 00:20:00,2025-09-07 00:21:00,short,4341.75,4261.3,0.01887921526294778
2025-09-17,2025-09-18,2025-09-18 01:59:00,2025-09-18 02:00:00,short,4552.94,4444.0,0.024513951395139344
2025-09-20,2025-09-21,2025-09-21 00:41:00,2025-09-21 00:42:00,long,4504.73,4431.04,0.01663040730844223
2025-09-21,2025-09-22,2025-09-22 08:18:00,2025-09-22 08:19:00,short,4506.86,4442.01,0.014599246737400318
2025-09-28,2025-09-29,2025-09-29 00:07:00,2025-09-29 00:08:00,long,4032.0,3962.06,0.01765243333013644
2025-10-08,2025-10-09,2025-10-09 01:18:00,2025-10-09 01:19:00,long,4521.69,4408.14,0.02575916372891962
2025-10-18,2025-10-19,2025-10-19 16:19:00,2025-10-19 16:20:00,long,3925.95,3776.0,0.039711334745762716
2025-10-25,2025-10-26,2025-10-26 02:39:00,2025-10-26 02:40:00,long,3961.46,3863.65,0.025315440063152783
2025-11-01,2025-11-02,2025-11-02 12:56:00,2025-11-02 12:57:00,long,3905.0,3801.0,0.02736122073138647
2025-11-02,2025-11-03,2025-11-03 09:35:00,2025-11-03 09:36:00,short,3917.35,3836.04,0.02119633789011588
2025-11-10,2025-11-11,2025-11-11 22:47:00,2025-11-11 22:48:00,short,3657.0,3498.58,0.045281228384087324
2025-11-23,2025-11-24,2025-11-24 10:14:00,2025-11-24 10:15:00,long,2856.92,2731.78,0.04580895972589305
2025-11-24,2025-11-25,2025-11-25 01:24:00,2025-11-25 01:25:00,long,2884.62,2761.67,0.04452016352424426
2025-11-26,2025-11-27,2025-11-27 01:33:00,2025-11-27 01:34:00,long,2982.88,2869.18,0.03962804703782963
2025-11-28,2025-11-29,2025-11-29 18:20:00,2025-11-29 18:21:00,short,3098.0,2992.12,0.03538628129887833
2025-11-29,2025-11-30,2025-11-30 01:33:00,2025-11-30 01:34:00,short,3072.82,2982.0,0.03045606975184456
2025-12-14,2025-12-15,2025-12-15 07:32:00,2025-12-15 07:33:00,short,3128.28,3046.55,0.026827066681984535
2025-12-20,2025-12-21,2025-12-21 17:54:00,2025-12-21 17:55:00,long,3006.58,2933.09,0.02505548755749043
2025-12-21,2025-12-22,2025-12-22 08:13:00,2025-12-22 08:14:00,long,3013.55,2942.43,0.024170498533525153
2025-12-25,2025-12-26,2025-12-26 07:34:00,2025-12-26 07:35:00,short,2970.61,2909.3,0.02107379782078156
2025-12-27,2025-12-28,2025-12-28 06:14:00,2025-12-28 06:15:00,long,2939.42,2905.39,0.011712713267409969
2026-01-11,2026-01-12,2026-01-12 00:31:00,2026-01-12 00:32:00,long,3130.0,3077.23,0.017148539433191612
2026-01-18,2026-01-19,2026-01-19 02:28:00,2026-01-19 02:29:00,long,3346.99,3293.1,0.01636451975342368
2026-01-25,2026-01-26,2026-01-26 00:02:00,2026-01-26 00:03:00,short,2966.88,2918.68,0.01651431469020248
2026-02-12,2026-02-13,2026-02-13 00:28:00,2026-02-13 00:29:00,short,2001.28,1908.01,0.04888339159648014
2026-02-14,2026-02-15,2026-02-15 20:54:00,2026-02-15 20:55:00,short,2107.55,2030.15,0.038125261680171496
2026-02-17,2026-02-18,2026-02-18 03:14:00,2026-02-18 03:15:00,long,2008.8,1940.01,0.0354585801104117
2026-02-22,2026-02-23,2026-02-23 01:32:00,2026-02-23 01:33:00,short,1994.7,1942.29,0.026983612127952084
2026-03-07,2026-03-08,2026-03-08 03:50:00,2026-03-08 03:51:00,short,1995.0,1954.0,0.020982599795291712
2026-03-15,2026-03-16,2026-03-16 04:30:00,2026-03-16 04:31:00,long,2123.13,2066.86,0.0272248725119264
2026-03-21,2026-03-22,2026-03-22 07:51:00,2026-03-22 07:52:00,short,2168.0,2116.16,0.024497202479963676
2026-03-29,2026-03-30,2026-03-30 06:41:00,2026-03-30 06:42:00,short,2029.38,1982.06,0.02387415113568725
2026-04-04,2026-04-05,2026-04-05 03:08:00,2026-04-05 03:09:00,long,2061.71,2042.68,0.00931619245305182
2026-04-11,2026-04-12,2026-04-12 00:40:00,2026-04-12 00:41:00,long,2256.93,2220.12,0.01658018485487278
2026-04-21,2026-04-22,2026-04-22 01:19:00,2026-04-22 01:20:00,short,2345.42,2288.22,0.024997596384963128
2026-04-25,2026-04-26,2026-04-26 13:13:00,2026-04-26 13:14:00,long,2328.0,2301.0,0.011734028683181297
2026-05-02,2026-05-03,2026-05-03 05:33:00,2026-05-03 05:34:00,long,2313.34,2277.41,0.015776693700300104
2026-05-09,2026-05-10,2026-05-10 01:05:00,2026-05-10 01:06:00,long,2324.54,2285.14,0.017241832010292724
2026-05-10,2026-05-11,2026-05-11 01:05:00,2026-05-11 01:06:00,long,2351.17,2313.87,0.016120179612510777
2026-05-17,2026-05-18,2026-05-18 07:40:00,2026-05-18 07:41:00,short,2197.77,2167.02,0.014189993631807729
2026-05-31,2026-06-01,2026-06-01 00:24:00,2026-06-01 00:25:00,short,2037.4,2004.5,0.01641307059116981
2026-06-09,2026-06-10,2026-06-10 00:05:00,2026-06-10 00:06:00,short,1713.69,1631.88,0.050132362673726005
2026-06-10,2026-06-11,2026-06-11 06:02:00,2026-06-11 06:03:00,short,1667.6,1605.0,0.03900311526479738
2026-06-13,2026-06-14,2026-06-14 05:41:00,2026-06-14 05:42:00,long,1686.74,1656.47,0.018273799102911603
2026-06-21,2026-06-22,2026-06-22 05:09:00,2026-06-22 05:10:00,short,1745.64,1715.18,0.017759069018995044
2026-07-09,2026-07-10,2026-07-10 09:48:00,2026-07-10 09:49:00,long,1761.84,1720.15,0.02423625846583133
2026-07-18,2026-07-19,2026-07-19 02:24:00,2026-07-19 02:25:00,long,1855.65,1825.5,0.016516023007395297
2026-07-25,2026-07-26,2026-07-26 01:34:00,2026-07-26 01:35:00,long,1871.98,1850.46,0.011629540762837287
2026-08-01,2026-08-02,2026-08-02 02:20:00,2026-08-02 02:21:00,short,1877.49,1857.22,0.010914162027115815
2026-08-08,2026-08-09,2026-08-09 23:10:00,2026-08-09 23:11:00,long,1925.71,1902.72,0.012082702657248534
2026-08-09,2026-08-10,2026-08-10 06:14:00,2026-08-10 06:15:00,long,1926.74,1912.0,0.007709205020920429
