variant,expiry_minutes,target_r,year,n_placed,n_filled,fill_rate,win_rate_15bp,avg_gross_r,median_gross_r,avg_net_r_11bp,avg_net_r_15bp,avg_net_r_20bp,profit_factor_15bp,t_stat_15bp
V1_balanced,30,1.0,2023,2067,1802,0.8717948717948718,0.3501664816870144,-0.03157469061914562,-0.9999999999996965,-0.694294797253083,-0.935283926938151,-1.236520339044486,0.1515754817492538,-22.646984451545173
V1_balanced,30,1.0,2024,1717,1524,0.8875946418171229,0.4717847769028871,0.03762919197419358,0.9999999999999323,-0.3406378478467531,-0.4781894986907337,-0.6501290622457094,0.35584963563975547,-17.53964424476915
V1_balanced,30,1.0,2025,1811,1591,0.8785201546107123,0.45065996228786925,-0.02221435211625609,-0.6243339253996363,-0.3508224482014688,-0.4703163013233644,-0.6196836177257339,0.368024448909586,-17.8501905693977
V1_balanced,30,1.0,2026,1118,975,0.872093023255814,0.4164102564102564,-0.031216650286250126,-0.6370399373531763,-0.42996507621895524,-0.5749645038308481,-0.756213788345714,0.2910814805937913,-16.667286965830943
V1_balanced,30,1.0,ALL,6713,5892,0.8776999851035304,0.4197216564833673,-0.011087911095228565,-0.11857779076725389,-0.46633159694000764,-0.6318747554290183,-0.8388037035402816,0.26894189681501657,-36.51583602069422
V1_balanced,30,1.5,2023,2067,1802,0.8717948717948718,0.3346281908990011,-0.06963312929462206,-0.9999999999999736,-0.7323532359285593,-0.9733423656136273,-1.2745787777199624,0.21128743048965645,-22.12035902482462
V1_balanced,30,1.5,2024,1717,1524,0.8875946418171229,0.40551181102362205,0.03252625873093447,-0.9999999999999771,-0.3457407810900123,-0.4832924319339928,-0.6552319954889687,0.44625163264565465,-14.939519084126957
V1_balanced,30,1.5,2025,1811,1591,0.8785201546107123,0.38969201759899436,-0.01978153293088072,-0.9999999999999856,-0.3483896290160935,-0.4678834821379891,-0.6172507985403585,0.4579477010269898,-15.007895670091331
V1_balanced,30,1.5,2026,1118,975,0.872093023255814,0.3712820512820513,-0.030069261154032172,-0.9999999999999806,-0.4288176870867373,-0.5738171146986301,-0.7550663992134959,0.37810350680651245,-14.256149038154746
V1_balanced,30,1.5,ALL,6713,5892,0.8776999851035304,0.3738968092328581,-0.02320075173136073,-0.9999999999999797,-0.47844443757613986,-0.6439875960651504,-0.8509165441764137,0.34881206718384355,-33.27744474319309
V1_balanced,30,2.0,2023,2067,1802,0.8717948717948718,0.3057713651498335,-0.06823255372541355,-0.9999999999999815,-0.7309526603593509,-0.9719417900444188,-1.273178202150754,0.25606986762022454,-21.012112075946384
V1_balanced,30,2.0,2024,1717,1524,0.8875946418171229,0.3569553805774278,0.049413861074339295,-0.9999999999999852,-0.3288531787466074,-0.46640482959058793,-0.6383443931455637,0.5104828138698838,-12.654224241488052
V1_balanced,30,2.0,2025,1811,1591,0.8785201546107123,0.3368950345694532,-0.019021468761505133,-0.9999999999999905,-0.34762956484671786,-0.46712341796861345,-0.6164907343709828,0.505331189335222,-13.243396881299278
V1_balanced,30,2.0,2026,1118,975,0.872093023255814,0.3364102564102564,0.0032314233720266245,-0.999999999999987,-0.39551700256067857,-0.5405164301725712,-0.7217657146874372,0.4557484118555243,-11.717731251921968
V1_balanced,30,2.0,ALL,6713,5892,0.8776999851035304,0.3324847250509165,-0.01268853641339628,-0.9999999999999859,-0.4679322222581753,-0.633475380747186,-0.8404043288584493,0.40538505218235965,-29.913048968794822
V1_balanced,60,1.0,2023,2067,1875,0.9071117561683599,0.3456,-0.0378076185853917,-0.9999999999998463,-0.7029569890094154,-0.9448294873454239,-1.2471701102654345,0.1487126909121602,-23.51959056643666
V1_balanced,60,1.0,2024,1717,1574,0.9167152009318579,0.4701397712833545,0.03298930849964061,0.9999999999999101,-0.34319761545091526,-0.47999286052384477,-0.6509869168650065,0.35469857551613543,-17.920899781862555
V1_balanced,60,1.0,2025,1811,1664,0.9188293760353395,0.4543269230769231,-0.01274553332166883,-0.31746703370909135,-0.3420332611903151,-0.4617742531425501,-0.6114504930828439,0.37408095708728273,-17.93842205442956
V1_balanced,60,1.0,2026,1118,1024,0.9159212880143113,0.4208984375,-0.01635296531550931,-0.2998119549632058,-0.4163314466233302,-0.5617781670989015,-0.7435865676933654,0.2971332944526495,-16.772704739278304
V1_balanced,60,1.0,ALL,6713,6137,0.914196335468494,0.41958611699527454,-0.00927458321647606,-0.07086614173230284,-0.4649998613451799,-0.6307181443010721,-0.8378659979959374,0.2693847495388164,-37.36660782184947
V1_balanced,60,1.5,2023,2067,1875,0.9071117561683599,0.3312,-0.07512207025122258,-0.9999999999999736,-0.7402714406752462,-0.9821439390112546,-1.2844845619312655,0.20825765677277835,-22.92443307173734
V1_balanced,60,1.5,2024,1717,1574,0.9167152009318579,0.40216010165184246,0.025081905619394086,-0.999999999999978,-0.35110501833116187,-0.48790026340409115,-0.6588943197452531,0.4424731661518748,-15.363369333850233
V1_balanced,60,1.5,2025,1811,1664,0.9188293760353395,0.3954326923076923,-0.004159888210024532,-0.9999999999999847,-0.33344761607867085,-0.45318860803090577,-0.6028648479711995,0.4695845275346235,-14.842471166250068
V1_balanced,60,1.5,2026,1118,1024,0.9159212880143113,0.375,-0.01847345940725955,-0.9999999999999793,-0.41845194071508046,-0.5638986611906517,-0.7457070617851158,0.38342009161814883,-14.378096112216324
V1_balanced,60,1.5,ALL,6713,6137,0.914196335468494,0.37412416490141764,-0.020728994409423274,-0.9999999999999792,-0.47645427253812705,-0.6421725554940193,-0.8493204091888847,0.3498367594964546,-33.969594848809045
V1_balanced,60,2.0,2023,2067,1875,0.9071117561683599,0.3008,-0.0774122472642522,-0.9999999999999815,-0.7425616176882759,-0.9844341160242843,-1.2867747389442952,0.2510943935110473,-21.87211398994851
V1_balanced,60,2.0,2024,1717,1574,0.9167152009318579,0.3519695044472681,0.03726397534574335,-0.9999999999999856,-0.33892294860481254,-0.47571819367774204,-0.6467122500189039,0.5026105048233428,-13.171010776584358
V1_balanced,60,2.0,2025,1811,1664,0.9188293760353395,0.34194711538461536,-0.004546545620914226,-0.9999999999999897,-0.3338342734895605,-0.4535752654417955,-0.6032515053820893,0.5165102466593485,-13.103102060502074
V1_balanced,60,2.0,2026,1118,1024,0.9159212880143113,0.3388671875,0.01180541343150137,-0.9999999999999861,-0.38817306787631956,-0.5336197883518907,-0.7154281889463547,0.4598456777799578,-11.868343371539007
V1_balanced,60,2.0,ALL,6713,6137,0.914196335468494,0.3314322959100538,-0.013356880395244705,-0.9999999999999857,-0.46908215852394847,-0.6348004414798408,-0.8419482951747062,0.4045677050013718,-30.68548692241798
V1_balanced,180,1.0,2023,2067,1986,0.9608127721335269,0.34541792547834843,-0.03369238643631056,-0.9999999999998148,-0.7033080225956001,-0.9468046175626145,-1.2511753612713825,0.14809197555751866,-24.564910560437813
V1_balanced,180,1.0,2024,1717,1629,0.9487478159580663,0.4665438919582566,0.02689297324451128,0.5913426265590771,-0.34923014118815715,-0.48600218280003654,-0.6569672348148858,0.3509848955632559,-18.45141572810341
V1_balanced,180,1.0,2025,1811,1729,0.9547211485367201,0.4574898785425101,-0.008217794937684797,-0.24553314121037115,-0.33751195173327936,-0.4572552814771319,-0.6069344436569476,0.3776627081248009,-18.101530735592895
V1_balanced,180,1.0,2026,1118,1073,0.9597495527728086,0.4277726001863933,-0.0058696208292153456,-0.0721442885771229,-0.40322677094538334,-0.5477202800785355,-0.7283371664949753,0.3066790167076672,-16.737678285758452
V1_balanced,180,1.0,ALL,6713,6417,0.9559064501713094,0.42013401901199937,-0.0067961814935653675,-0.04947916666664671,-0.4646853861059072,-0.6311905514194859,-0.8393220080614594,0.26956224739804624,-38.39552893872172
V1_balanced,180,1.5,2023,2067,1986,0.9608127721335269,0.3298086606243706,-0.07215961424842389,-0.9999999999999735,-0.7417752504077135,-0.9852718453747278,-1.289642589083496,0.20729954576413,-23.9428897812303
V1_balanced,180,1.5,2024,1717,1629,0.9487478159580663,0.3984039287906691,0.01799438412047336,-0.9999999999999802,-0.3581287303121951,-0.4949007719240745,-0.6658658239389238,0.43741531670328454,-15.863847176972302
V1_balanced,180,1.5,2025,1811,1729,0.9547211485367201,0.39791787160208214,0.0016402565123242207,-0.9999999999999842,-0.32765390028327035,-0.44739723002712295,-0.5970763922069384,0.475020140799131,-14.902230966820886
V1_balanced,180,1.5,2026,1118,1073,0.9597495527728086,0.3783783783783784,-0.011816879424252668,-0.9999999999999791,-0.40917402954042076,-0.5536675386735727,-0.7342844250900128,0.391224235435966,-14.423553049018306
V1_balanced,180,1.5,ALL,6713,6417,0.9559064501713094,0.3736948729936107,-0.01929868322853877,-0.9999999999999792,-0.4771878878408806,-0.6436930531544593,-0.8518245097964331,0.34960034884987284,-34.92237909621882
V1_balanced,180,2.0,2023,2067,1986,0.9608127721335269,0.3016112789526687,-0.07119484420655502,-0.9999999999999815,-0.7408104803658445,-0.9843070753328589,-1.2886778190416268,0.2517617048870493,-22.725517524080878
V1_balanced,180,2.0,2024,1717,1629,0.9487478159580663,0.34990791896869244,0.03035343315596282,-0.9999999999999862,-0.34576968127670565,-0.48254172288858505,-0.6535067749034343,0.49759496109955975,-13.598425910545274
V1_balanced,180,2.0,2025,1811,1729,0.9547211485367201,0.3435511856564488,-0.0006805748285575779,-0.9999999999999897,-0.32997473162415214,-0.4497180613680047,-0.5993972235478204,0.5201119239421158,-13.221535646511867
V1_balanced,180,2.0,2026,1118,1073,0.9597495527728086,0.33923578751164957,0.007910835923327425,-0.9999999999999863,-0.3894463141928406,-0.5339398233259927,-0.7145567097424326,0.45928885832078464,-12.178536120821978
V1_balanced,180,2.0,ALL,6713,6417,0.9559064501713094,0.33146330060776064,-0.013189279245130208,-0.9999999999999858,-0.47107848385747203,-0.6375836491710508,-0.8457151058130243,0.40333226861600385,-31.607321620319134
V2_clearer_macro,30,1.0,2023,1511,1312,0.8682991396426207,0.36585365853658536,-0.034107709158664325,-0.7431153184157561,-0.6387231704344816,-0.8585833381711425,-1.1334085478419684,0.1734236342460265,-17.309917624747122
V2_clearer_macro,30,1.0,2024,1289,1141,0.8851823118696664,0.4750219106047327,0.026582500881638906,0.46811955168118713,-0.32180608757683316,-0.44849284701627745,-0.606851296315583,0.3780920061007934,-14.483573830921218
V2_clearer_macro,30,1.0,2025,1331,1168,0.8775356874530428,0.4580479452054795,-0.02104493437352537,-0.4043609183526175,-0.3240511355994556,-0.43423520877252103,-0.5719653002388531,0.3973518945977211,-14.357254797056687
V2_clearer_macro,30,1.0,2026,843,725,0.8600237247924081,0.4289655172413793,-0.03131862147914486,-0.5182320441988996,-0.40014303647618404,-0.5342610055660165,-0.701908466928307,0.3216740591423442,-13.361432534126992
V2_clearer_macro,30,1.0,ALL,4974,4346,0.8737434660233213,0.42982052462034054,-0.014198151134577832,-0.1299732982120635,-0.4311507071699503,-0.5827698184555402,-0.7722937075625278,0.2961275320681324,-28.835615644122434
V2_clearer_macro,30,1.5,2023,1511,1312,0.8682991396426207,0.34527439024390244,-0.06507709265542715,-0.9999999999999756,-0.6696925539312445,-0.8895527216679052,-1.1643779313387315,0.23661728416181735,-16.845757683501894
V2_clearer_macro,30,1.5,2024,1289,1141,0.8851823118696664,0.4057843996494303,0.02862769122283306,-0.9999999999999774,-0.319760897235639,-0.44644765667508335,-0.6048061059743889,0.4699334191774718,-12.143426004492259
V2_clearer_macro,30,1.5,2025,1331,1168,0.8775356874530428,0.3835616438356164,-0.04133565815373321,-0.9999999999999861,-0.3443418593796634,-0.45452593255272883,-0.5922560240190607,0.46379414812857284,-12.748604125939458
V2_clearer_macro,30,1.5,2026,843,725,0.8600237247924081,0.3724137931034483,-0.03126746088824702,-0.9999999999999799,-0.4000918758852863,-0.5342098449751186,-0.7018573063374092,0.40468705704213087,-11.474353922851465
V2_clearer_macro,30,1.5,ALL,4974,4346,0.8737434660233213,0.37597791072250347,-0.028455109927797373,-0.9999999999999802,-0.44540766596316983,-0.5970267772487599,-0.7865506663557471,0.37182682056496963,-26.49336627718327
V2_clearer_macro,30,2.0,2023,1511,1312,0.8682991396426207,0.3132621951219512,-0.06872246703857986,-0.9999999999999833,-0.6733379283143971,-0.893198096051058,-1.168023305721884,0.27962189843479107,-16.154115846920508
V2_clearer_macro,30,2.0,2024,1289,1141,0.8851823118696664,0.3584574934268186,0.04527521942450488,-0.9999999999999858,-0.3031133690339672,-0.42980012847341165,-0.588158577772717,0.5316973793148118,-10.25625051954101
V2_clearer_macro,30,2.0,2025,1331,1168,0.8775356874530428,0.336472602739726,-0.03247149854036354,-0.9999999999999898,-0.3354776997662937,-0.44566177293935916,-0.5833918644056911,0.5136272581893078,-11.08049328628462
V2_clearer_macro,30,2.0,2026,843,725,0.8600237247924081,0.33793103448275863,0.011516139396964546,-0.9999999999999853,-0.35730827560007467,-0.4914262446899071,-0.6590737060521976,0.4842552143473567,-9.294040664692032
V2_clearer_macro,30,2.0,ALL,4974,4346,0.8737434660233213,0.3354809019788311,-0.015665522462862867,-0.9999999999999862,-0.4326180784982353,-0.5842371897838253,-0.7737610788908127,0.4274858658604215,-23.781772324389877
V2_clearer_macro,60,1.0,2023,1511,1370,0.9066843150231635,0.3613138686131387,-0.03630730421027463,-0.9999999999990419,-0.6414112628335528,-0.8614490659692903,-1.1364963198889622,0.1712693394981041,-17.97329533618741
V2_clearer_macro,60,1.0,2024,1289,1173,0.9100077579519007,0.4731457800511509,0.022940252784069352,0.2921739130434841,-0.32453063377751457,-0.4508836834362724,-0.6088249955097196,0.37643966736925205,-14.776436524707634
V2_clearer_macro,60,1.0,2025,1331,1222,0.918106686701728,0.46317512274959083,-0.01193165576782122,-0.25701094359553917,-0.31431218073869044,-0.42426873527355197,-0.5617144284421289,0.4056169434576329,-14.34808484634094
V2_clearer_macro,60,1.0,2026,843,768,0.9110320284697508,0.4348958333333333,-0.012638021578619615,-0.13120926866974264,-0.38360806155327465,-0.5185062579076946,-0.6871290033507197,0.3304743456557086,-13.40517216167753
V2_clearer_macro,60,1.0,ALL,4974,4533,0.9113389626055488,0.4301786896095301,-0.01039456743283042,-0.06405148636224216,-0.42755533634206633,-0.5792501613999702,-0.7688686927223503,0.2977965935792248,-29.473323591108066
V2_clearer_macro,60,1.5,2023,1511,1370,0.9066843150231635,0.34306569343065696,-0.06624534912120689,-0.9999999999999751,-0.6713493077444851,-0.8913871108802226,-1.1664343647998943,0.23519253721883113,-17.429695962546024
V2_clearer_macro,60,1.5,2024,1289,1173,0.9100077579519007,0.40494458653026427,0.027323185698409896,-0.9999999999999774,-0.32014770086317407,-0.4465007505219319,-0.6044420625953791,0.4697963136328935,-12.326178911045638
V2_clearer_macro,60,1.5,2025,1331,1222,0.918106686701728,0.3911620294599018,-0.0232112525218625,-0.9999999999999851,-0.3255917774927317,-0.43554833202759324,-0.5729940251961702,0.4797871409297069,-12.455871835375707
V2_clearer_macro,60,1.5,2026,843,768,0.9110320284697508,0.37890625,-0.012768845419792169,-0.9999999999999784,-0.38373888539444717,-0.5186370817488671,-0.687259827191892,0.41408010793621003,-11.485907442127417
V2_clearer_macro,60,1.5,ALL,4974,4533,0.9113389626055488,0.3781160379439665,-0.021371421869829026,-0.9999999999999795,-0.43853219077906497,-0.5902270158369688,-0.7798455471593488,0.37597537887788485,-26.86459160282393
V2_clearer_macro,60,2.0,2023,1511,1370,0.9066843150231635,0.3094890510948905,-0.07325312303787879,-0.9999999999999831,-0.678357081661157,-0.8983948847968943,-1.1734421387165663,0.27678804384673356,-16.77460982527744
V2_clearer_macro,60,2.0,2024,1289,1173,0.9100077579519007,0.3546462063086104,0.03664347679477164,-0.9999999999999858,-0.31082740976681233,-0.4371804594255701,-0.5951217714990173,0.5251923338745855,-10.610988929025906
V2_clearer_macro,60,2.0,2025,1331,1222,0.918106686701728,0.34206219312602293,-0.01748238312479324,-0.9999999999999892,-0.3198629080956625,-0.429819462630524,-0.567265155799101,0.527233668178117,-10.887949792558237
V2_clearer_macro,60,2.0,2026,843,768,0.9110320284697508,0.3424479166666667,0.024412806378075413,-0.9999999999999845,-0.3465572335965796,-0.4814554299509995,-0.6500781753940245,0.4910102435663477,-9.380186928768087
V2_clearer_macro,60,2.0,ALL,4974,4533,0.9113389626055488,0.3355393778954335,-0.013233712146870118,-0.9999999999999857,-0.430394481056106,-0.5820893061140099,-0.7717078374363899,0.42879082282642644,-24.29988116366297
V2_clearer_macro,180,1.0,2023,1511,1453,0.9616148246194574,0.36269786648313834,-0.03424969124774905,-0.9999999999984566,-0.6438361206661483,-0.8655039131819297,-1.1425886538266568,0.17069977107055678,-18.839635309873287
V2_clearer_macro,180,1.0,2024,1289,1216,0.943366951124903,0.4712171052631579,0.020388485487325577,0.272723395625297,-0.32690225952244,-0.45318980316235474,-0.6110492327122481,0.3751924520246756,-15.114575882593888
V2_clearer_macro,180,1.0,2025,1331,1271,0.9549211119459053,0.46734854445318647,-0.0059641883149312725,-0.2187201528175728,-0.30828704500311843,-0.4182226292533683,-0.5556421095661807,0.4108586389717314,-14.416346581404458
V2_clearer_macro,180,1.0,2026,843,803,0.9525504151838672,0.44209215442092153,-0.0015674560884764304,-0.022704837117468887,-0.3700571850035009,-0.5040534500635099,-0.671548781388521,0.3405783031945926,-13.334464505567244
V2_clearer_macro,180,1.0,ALL,4974,4743,0.9535585042219542,0.43200506008855155,-0.007128727307129596,-0.043998087039692,-0.42631157171915984,-0.5787416969598982,-0.769279353510821,0.2987675091282055,-30.244462768800787
V2_clearer_macro,180,1.5,2023,1511,1453,0.9616148246194574,0.3420509291121817,-0.06724792874905756,-0.9999999999999745,-0.6768343581674567,-0.8985021506832381,-1.175586891327965,0.23367222879524102,-18.321811435692425
V2_clearer_macro,180,1.5,2024,1289,1216,0.943366951124903,0.40213815789473684,0.021697392361480123,-0.9999999999999787,-0.32559335264828543,-0.4518808962882003,-0.6097403258380937,0.46582742214179906,-12.700981242171114
V2_clearer_macro,180,1.5,2025,1331,1271,0.9549211119459053,0.3941778127458694,-0.01581911336776294,-0.9999999999999845,-0.31814197005595013,-0.4280775543062001,-0.5654970346190122,0.4872530690293843,-12.43966140520988
V2_clearer_macro,180,1.5,2026,843,803,0.9525504151838672,0.3823163138231631,-0.008803440188779233,-0.9999999999999786,-0.3772931691038037,-0.5112894341638127,-0.6787847654888237,0.4195564325009352,-11.578566784671779
V2_clearer_macro,180,1.5,ALL,4974,4743,0.9535585042219542,0.3782416192283365,-0.020767966882318623,-0.9999999999999795,-0.4399508112943489,-0.5923809365350872,-0.7829185930860101,0.3757319345888745,-27.666697371200247
V2_clearer_macro,180,2.0,2023,1511,1453,0.9616148246194574,0.30901582931865107,-0.06992551654207765,-0.9999999999999828,-0.6795119459604768,-0.9011797384762582,-1.178264479120985,0.27674291397478223,-17.528620439831215
V2_clearer_macro,180,2.0,2024,1289,1216,0.943366951124903,0.3527960526315789,0.03024263461935089,-0.9999999999999865,-0.3170481103904147,-0.44333565403032943,-0.6011950835802228,0.5206884057402591,-10.951779991429662
V2_clearer_macro,180,2.0,2025,1331,1271,0.9549211119459053,0.34382376081825333,-0.013355416320906529,-0.9999999999999891,-0.31567827300909374,-0.42561385725934353,-0.5630333375721559,0.5316461524728825,-10.965091633593117
V2_clearer_macro,180,2.0,2026,843,803,0.9525504151838672,0.3437110834371108,0.02135568977613295,-0.9999999999999851,-0.3471340391388915,-0.48113030419890046,-0.6486256355239116,0.49093640395132726,-9.601050788145713
V2_clearer_macro,180,2.0,ALL,4974,4743,0.9535585042219542,0.3354417035631457,-0.013631213808169002,-0.9999999999999858,-0.4328140582201992,-0.5852441834609375,-0.7757818400118605,0.4275638384657059,-25.069520831707052
V3_clearer_micro,30,1.0,2023,1343,1183,0.8808637379002234,0.3693998309382925,0.023993705405855513,0.2834274952919236,-0.5899096146667523,-0.8131471856022461,-1.0921941492716132,0.18109378212533353,-15.370533701761076
V3_clearer_micro,30,1.0,2024,938,826,0.8805970149253731,0.45883777239709445,-0.01699504351878654,-0.1794561984860655,-0.35895402005388466,-0.4833027387939203,-0.638738637218965,0.35934135420982444,-13.119776037846911
V3_clearer_micro,30,1.0,2025,1086,965,0.8885819521178637,0.47979274611398964,0.005911392719550613,0.15556612749761822,-0.287386091719624,-0.3940397224247784,-0.5273567608062214,0.43040319941019917,-11.915781176639426
V3_clearer_micro,30,1.0,2026,743,651,0.8761776581426649,0.43317972350230416,-0.03365387801858884,-0.3752316244595373,-0.38863170509893313,-0.5177145513099674,-0.6790681090737601,0.3279955497556521,-12.501809768521456
V3_clearer_micro,30,1.0,ALL,4110,3625,0.8819951338199513,0.4306206896551724,-0.0005124229150691343,0.02519244226730813,-0.4206030105501019,-0.5733632242355683,-0.7643134913424013,0.29945889628958555,-25.409738691782753
V3_clearer_micro,30,1.5,2023,1343,1183,0.8808637379002234,0.36348267117497884,0.00995435401206216,-0.9999999999999654,-0.6039489660605456,-0.8271865369960393,-1.1062335006654067,0.2543075634891899,-14.695902749002498
V3_clearer_micro,30,1.5,2024,938,826,0.8805970149253731,0.400726392251816,-0.003448532540054065,-0.9999999999999815,-0.34540750907515216,-0.4697562278151879,-0.6251921262402325,0.45484709519848654,-10.81527245176249
V3_clearer_micro,30,1.5,2025,1086,965,0.8885819521178637,0.41347150259067356,0.026188492005546987,-0.999999999999983,-0.2671089924336276,-0.373762623138782,-0.507079661520225,0.5310093969418933,-9.503401845190295
V3_clearer_micro,30,1.5,2026,743,651,0.8761776581426649,0.3655913978494624,-0.061747704616537336,-0.999999999999981,-0.4167255316968816,-0.5458083779079159,-0.7071619356717087,0.39373595437061676,-11.282329972476191
V3_clearer_micro,30,1.5,ALL,4110,3625,0.8819951338199513,0.3856551724137931,-0.0016547166901594715,-0.9999999999999758,-0.42174530432519225,-0.5745055180106586,-0.7654557851174917,0.3837033226681217,-22.89897305240808
V3_clearer_micro,30,2.0,2023,1343,1183,0.8808637379002234,0.32713440405748095,0.008193459127051127,-0.9999999999999751,-0.6057098609455567,-0.8289474318810504,-1.1079943955504175,0.3047238513871225,-13.982885632673634
V3_clearer_micro,30,2.0,2024,938,826,0.8805970149253731,0.3498789346246973,0.005012059454682747,-0.9999999999999867,-0.3369469170804154,-0.4612956358204511,-0.6167315342454956,0.5076084208780162,-9.383061489508835
V3_clearer_micro,30,2.0,2025,1086,965,0.8885819521178637,0.36683937823834195,0.0459661873818815,-0.9999999999999882,-0.2473312970572931,-0.3539849277624475,-0.4873019661438905,0.5908339966391903,-7.903743308456629
V3_clearer_micro,30,2.0,2026,743,651,0.8761776581426649,0.34101382488479265,0.0008609719865518735,-0.9999999999999846,-0.3541168550937924,-0.48319970130482676,-0.6445532590686195,0.4837975487590613,-8.832539093136944
V3_clearer_micro,30,2.0,ALL,4110,3625,0.8819951338199513,0.3453793103448276,0.016207086025829064,-0.9999999999999841,-0.4038835016092037,-0.5566437152946703,-0.7475939824015032,0.44389506062040096,-20.34706469716584
V3_clearer_micro,60,1.0,2023,1343,1234,0.9188384214445272,0.36628849270664504,0.018840364372040386,0.23857612408929074,-0.5968022273788526,-0.8206722607428135,-1.100509802447765,0.17842289496824895,-16.029468029382883
V3_clearer_micro,60,1.0,2024,938,857,0.9136460554371002,0.4539089848308051,-0.026207261303097102,-0.780628608082113,-0.36672642709387515,-0.4905515782905217,-0.6453330172863299,0.3533286331911484,-13.617298421049046
V3_clearer_micro,60,1.0,2025,1086,1007,0.927255985267035,0.4766633565044687,-0.0011529684765910308,0.051641313050449306,-0.29207219955962577,-0.3978610108625475,-0.5300970249911996,0.42780628838883444,-12.287332628425755
V3_clearer_micro,60,1.0,2026,743,683,0.9192462987886945,0.4333821376281113,-0.02143421059771972,-0.2904214559386838,-0.37941609653443725,-0.5095913277841527,-0.672310366846297,0.3312666706183919,-12.66994305173329
V3_clearer_micro,60,1.0,ALL,4110,3781,0.9199513381995134,0.42766463898439566,-0.003970171487920154,-0.00685602350635286,-0.42422544181288513,-0.5770455401128726,-0.7680706629878565,0.29696151755571004,-26.31782275491328
V3_clearer_micro,60,1.5,2023,1343,1234,0.9188384214445272,0.36142625607779577,0.0063428348924530545,-0.9999999999999644,-0.60929975685844,-0.8331697902224009,-1.1130073319273524,0.2521820715583037,-15.262051680112442
V3_clearer_micro,60,1.5,2024,938,857,0.9136460554371002,0.39556592765460913,-0.015484486427445989,-0.9999999999999818,-0.3560036522182241,-0.47982880341487066,-0.6346102424106788,0.4464928560082388,-11.29923369708326
V3_clearer_micro,60,1.5,2025,1086,1007,0.927255985267035,0.41112214498510424,0.021196096746972887,-0.9999999999999836,-0.2697231343360619,-0.3755119456389836,-0.5077479597676358,0.5299327737059545,-9.7496493495251
V3_clearer_micro,60,1.5,2026,743,683,0.9192462987886945,0.3689604685212299,-0.04601558851172313,-0.9999999999999798,-0.4039974744484407,-0.5341727056981561,-0.6968917447603004,0.4002362048700655,-11.320509535909562
V3_clearer_micro,60,1.5,ALL,4110,3781,0.9199513381995134,0.383760909812219,-0.004106671288108795,-0.9999999999999758,-0.42436194161307383,-0.5771820399130612,-0.7682071627880452,0.3818669362527329,-23.628028214926665
V3_clearer_micro,60,2.0,2023,1343,1234,0.9188384214445272,0.3233387358184765,0.0018184113519600761,-0.9999999999999749,-0.6138241803989328,-0.837694213762894,-1.1175317554678452,0.30121475885378046,-14.560572590305554
V3_clearer_micro,60,2.0,2024,938,857,0.9136460554371002,0.34305717619603265,-0.012069876432606758,-0.9999999999999871,-0.35258904222338483,-0.47641419342003144,-0.6311956324158395,0.4954083618742408,-9.91891513758404
V3_clearer_micro,60,2.0,2025,1086,1007,0.927255985267035,0.36643495531281034,0.04410290938348292,-0.9999999999999878,-0.24681632169955184,-0.3526051330024736,-0.48484114713112575,0.5919818779036446,-8.04547540507468
V3_clearer_micro,60,2.0,2026,743,683,0.9192462987886945,0.3440702781844802,0.011463545410108415,-0.9999999999999841,-0.34651834052660907,-0.4766935717763245,-0.6394126108384688,0.4880840023648274,-8.928223395736183
V3_clearer_micro,60,2.0,ALL,4110,3781,0.9199513381995134,0.3430309441946575,0.011674495310723646,-0.9999999999999841,-0.40858077501424134,-0.5614008733142286,-0.7524259961892127,0.4406246308746956,-21.064982156072965
V3_clearer_micro,180,1.0,2023,1343,1289,0.9597915115413254,0.365399534522886,0.01881226503886586,0.24131082423036015,-0.602402152871043,-0.8282983048382828,-1.1106684947973322,0.1754721210709239,-16.706532403191762
V3_clearer_micro,180,1.0,2024,938,892,0.9509594882729211,0.452914798206278,-0.026228086841611965,-0.6928254516589851,-0.36572626299445765,-0.4891801452318561,-0.6434974980286041,0.35418483519844934,-13.876745294889982
V3_clearer_micro,180,1.0,2025,1086,1040,0.9576427255985267,0.4807692307692308,0.00753746225391609,0.20471207609448558,-0.28388247206153416,-0.3898533572671524,-0.5223169637741754,0.43432489848231665,-12.253820243371743
V3_clearer_micro,180,1.0,2026,743,712,0.9582772543741588,0.4353932584269663,-0.02274189958554666,-0.29966370700193623,-0.3772955149977556,-0.5062241024203771,-0.6673848366986538,0.33502983089270694,-12.841469156748968
V3_clearer_micro,180,1.0,ALL,4110,3933,0.9569343065693431,0.42842613780828886,-0.001906868952061093,0.012798874824199537,-0.4237468546311285,-0.5771432130598803,-0.7688886610958201,0.29709669566782604,-26.978401256349184
V3_clearer_micro,180,1.5,2023,1343,1289,0.9597915115413254,0.3584173778122576,0.0012115679232938274,-0.9999999999999656,-0.620002849986615,-0.8458990019538548,-1.1282691919129042,0.24735472771616615,-15.987817339222483
V3_clearer_micro,180,1.5,2024,938,892,0.9509594882729211,0.39125560538116594,-0.022147516753177866,-0.9999999999999827,-0.36164569290602355,-0.48509957514342206,-0.63941692794017,0.441450348496523,-11.698155052104347
V3_clearer_micro,180,1.5,2025,1086,1040,0.9576427255985267,0.41346153846153844,0.02595231886446277,-0.9999999999999827,-0.2654676154509875,-0.3714385006566057,-0.5039021071636287,0.533758617905163,-9.795206069176066
V3_clearer_micro,180,1.5,2026,743,712,0.9582772543741588,0.3693820224719101,-0.04926368625408653,-0.9999999999999809,-0.4038173016662955,-0.532745889088917,-0.6939066233671937,0.4017550820999336,-11.528838662524093
V3_clearer_micro,180,1.5,ALL,4110,3933,0.9569343065693431,0.3824052885837783,-0.006681720540192532,-0.999999999999976,-0.42852170621926,-0.5819180646480117,-0.7736635126839513,0.37908544798828353,-24.401225335763957
V3_clearer_micro,180,2.0,2023,1343,1289,0.9597915115413254,0.32195500387897596,-0.001453631589509783,-0.9999999999999749,-0.6226680494994188,-0.8485642014666581,-1.1309343914257077,0.2965811195173478,-15.211831721049602
V3_clearer_micro,180,2.0,2024,938,892,0.9509594882729211,0.34080717488789236,-0.017464164105439658,-0.9999999999999873,-0.3569623402582854,-0.48041622249568383,-0.6347335752924318,0.4911341580135125,-10.246182492378841
V3_clearer_micro,180,2.0,2025,1086,1040,0.9576427255985267,0.36923076923076925,0.05026064840664435,-0.9999999999999876,-0.24115928590880592,-0.3471301711144242,-0.47959377762144706,0.5969946484098714,-8.042741124711883
V3_clearer_micro,180,2.0,2026,743,712,0.9582772543741588,0.3441011235955056,0.005723837011018064,-0.9999999999999845,-0.3488297784011909,-0.47775836582381237,-0.6389191001020891,0.4869148738416599,-9.155558936903413
V3_clearer_micro,180,2.0,ALL,4110,3933,0.9569343065693431,0.34274091024663106,0.009889316245569461,-0.9999999999999842,-0.41195066943349784,-0.5653470278622498,-0.7570924758981894,0.4379244380311419,-21.727861874974785
V4_strict,30,1.0,2023,983,859,0.873855544252289,0.3853317811408615,0.02795666468299016,0.2834274952919236,-0.5499703897453071,-0.7601256822646878,-1.0228197979139138,0.20393181064086147,-11.181737472507608
V4_strict,30,1.0,2024,693,606,0.8744588744588745,0.466996699669967,-0.008179475738061251,-0.027739734418726653,-0.3270386455305809,-0.44298743454604256,-0.5879234208153697,0.3903158988121726,-10.401745049270552
V4_strict,30,1.0,2025,816,722,0.8848039215686274,0.4916897506925208,0.019539999642903608,0.32115641316548466,-0.2490216831943239,-0.3466804769533157,-0.46875396915205536,0.47483527438277673,-9.201301795649096
V4_strict,30,1.0,2026,552,477,0.8641304347826086,0.4444444444444444,-0.03416734118349747,-0.31030927835047456,-0.365983761080846,-0.48664427740715455,-0.6374699228150401,0.3528377411111655,-9.991385110103165
V4_strict,30,1.0,ALL,3044,2664,0.8751642575558476,0.4433183183183183,0.006331858357008829,0.08624841580098941,-0.38475146144317424,-0.5269635777341498,-0.7047287230978694,0.3301800650707273,-19.058351294631343
V4_strict,30,1.5,2023,983,859,0.873855544252289,0.3690337601862631,0.006341244827860468,-0.9999999999999654,-0.5715858096004367,-0.7817411021198174,-1.0444352177690437,0.27255918369745474,-10.926749800130674
V4_strict,30,1.5,2024,693,606,0.8744588744588745,0.3976897689768977,-0.012249738761276387,-0.9999999999999816,-0.331108908553796,-0.4470576975692577,-0.5919936838385847,0.4690758184000049,-8.900417294961704
V4_strict,30,1.5,2025,816,722,0.8848039215686274,0.4155124653739612,0.02292895716396082,-0.9999999999999809,-0.24563272567326666,-0.34329151943225844,-0.46536501163099825,0.5542173621650742,-7.6730516975692
V4_strict,30,1.5,2026,552,477,0.8641304347826086,0.3731656184486373,-0.04690115694037067,-0.9999999999999792,-0.3787175768377192,-0.49937809316402776,-0.6502037385719134,0.42577644016383304,-8.797411395167467
V4_strict,30,1.5,ALL,3044,2664,0.8751642575558476,0.3888888888888889,-0.002925434373265174,-0.9999999999999745,-0.3940087541734483,-0.5362208704644239,-0.7139860158281436,0.4058407370125094,-17.640263923764557
V4_strict,30,2.0,2023,983,859,0.873855544252289,0.32945285215366704,0.0019329006559379931,-0.9999999999999751,-0.5759941537723592,-0.7861494462917399,-1.0488435619409662,0.3207577535929218,-10.528291414609225
V4_strict,30,2.0,2024,693,606,0.8744588744588745,0.3448844884488449,-0.012622028517857228,-0.9999999999999871,-0.3314811983103768,-0.44742998732583855,-0.5923659735951656,0.5112753785976615,-7.904687063366047
V4_strict,30,2.0,2025,816,722,0.8848039215686274,0.3698060941828255,0.030027075770746217,-0.9999999999999876,-0.2385346070664813,-0.33619340082547305,-0.4582668930242128,0.5969761682422128,-6.66748370914619
V4_strict,30,2.0,2026,552,477,0.8641304347826086,0.3480083857442348,0.013925620041110826,-0.9999999999999833,-0.3178907998562377,-0.4385513161825462,-0.589376961590432,0.5122170100931139,-6.892413396376324
V4_strict,30,2.0,ALL,3044,2664,0.8751642575558476,0.3472222222222222,0.008383439132026231,-0.9999999999999841,-0.3826998806681568,-0.5249119969591325,-0.702677142322852,0.45802486145929405,-16.018082546895343
V4_strict,60,1.0,2023,983,902,0.9175991861648016,0.38248337028824836,0.027582296122682076,0.28099176488734123,-0.5554114194031011,-0.7674091341397495,-1.0324062775605598,0.20086670501373965,-11.739050488091436
V4_strict,60,1.0,2024,693,628,0.9062049062049062,0.46496815286624205,-0.01334152752786895,-0.129229359496786,-0.33024247248126004,-0.44547917973703866,-0.5895250638067618,0.3884462015456396,-10.665622772208465
V4_strict,60,1.0,2025,816,758,0.928921568627451,0.48812664907651715,0.010696411269362174,0.2740750196578644,-0.2553324834784293,-0.3520702633867171,-0.4729924882720768,0.4705415072778286,-9.567850588511353
V4_strict,60,1.0,2026,552,503,0.9112318840579711,0.4433399602385686,-0.023299225723025476,-0.18307210031347718,-0.36026633489634274,-0.48279982914118547,-0.6359666969472387,0.3532257743556639,-10.231445264585654
V4_strict,60,1.0,ALL,3044,2791,0.9168856767411301,0.44070225725546397,0.0046181014040316175,0.06444683136412152,-0.3880793127729625,-0.5308783724736876,-0.709377197099594,0.32747728491973127,-19.83225122435734
V4_strict,60,1.5,2023,983,902,0.9175991861648016,0.369179600886918,0.011507293584926961,-0.9999999999999638,-0.5714864219408561,-0.7834841366775045,-1.0484812800983152,0.2729496705425629,-11.350503889149628
V4_strict,60,1.5,2024,693,628,0.9062049062049062,0.3964968152866242,-0.014084488343264498,-0.9999999999999815,-0.3309854332966556,-0.4462221405524342,-0.5902680246221574,0.4699247614914649,-9.052536810864979
V4_strict,60,1.5,2025,816,758,0.928921568627451,0.41424802110817943,0.019779439236836675,-0.9999999999999816,-0.24624945551095484,-0.34298723541924264,-0.4639094603046024,0.5554165869303282,-7.844203951091328
V4_strict,60,1.5,2026,552,503,0.9112318840579711,0.3757455268389662,-0.03636886810081567,-0.9999999999999785,-0.373335977274133,-0.4958694715189756,-0.6490363393250289,0.4271520066269196,-8.982818458510955
V4_strict,60,1.5,ALL,3044,2791,0.9168856767411301,0.38874955213185236,-0.0006328217768377208,-0.9999999999999741,-0.39333023595383176,-0.5361292956545569,-0.7146281202804633,0.4064178585571244,-18.16279476272382
V4_strict,60,2.0,2023,983,902,0.9175991861648016,0.3270509977827051,0.003983160942264338,-0.9999999999999745,-0.5790105545835188,-0.7910082693201672,-1.0560054127409775,0.32009730316503004,-10.965268541017249
V4_strict,60,2.0,2024,693,628,0.9062049062049062,0.34235668789808915,-0.016135023079830196,-0.9999999999999871,-0.3330359680332214,-0.4482726752889999,-0.592318559358723,0.5102771341847903,-8.0784950959839
V4_strict,60,2.0,2025,816,758,0.928921568627451,0.370712401055409,0.031133695069161044,-0.9999999999999873,-0.23489519967863046,-0.3316329795869183,-0.4525552044722781,0.6016547110141924,-6.732151426811722
V4_strict,60,2.0,2026,552,503,0.9112318840579711,0.34791252485089463,0.01435553074643416,-0.9999999999999833,-0.32261157842688315,-0.4451450726717258,-0.5983119404777791,0.5066493505797074,-7.195350211932855
V4_strict,60,2.0,ALL,3044,2791,0.9168856767411301,0.34611250447868147,0.008699458797445188,-0.999999999999984,-0.3839979553795489,-0.5267970150802741,-0.7052958397061804,0.4572875676758018,-16.539616139564167
V4_strict,180,1.0,2023,983,943,0.9593082400813835,0.383881230116649,0.02956440201766642,0.2933908045976966,-0.5568837476462483,-0.7701376202513082,-1.0367049610076329,0.1986021473467217,-12.208382879134106
V4_strict,180,1.0,2024,693,658,0.9494949494949495,0.46656534954407297,-0.009596215521984006,-0.09365955469552978,-0.3250295008715853,-0.43973251372598576,-0.5831112797939862,0.3929626965184869,-10.785319633453794
V4_strict,180,1.0,2025,816,784,0.9607843137254902,0.49489795918367346,0.023096785385429093,0.3817465281094096,-0.24365894713961597,-0.3406610316941778,-0.46191363738738006,0.48134358086599527,-9.422328455586346
V4_strict,180,1.0,2026,552,528,0.9565217391304348,0.44696969696969696,-0.021348820464675216,-0.17917442654049096,-0.35518397207762903,-0.47657857266415765,-0.6283218233973186,0.3585296384573789,-10.358270981479212
V4_strict,180,1.0,ALL,3044,2913,0.9569645203679369,0.44387229660144184,0.00974961339719254,0.12636899747261435,-0.38365140316455965,-0.5267063182779241,-0.7055249621696297,0.33002663810501764,-20.257794843058456
V4_strict,180,1.5,2023,983,943,0.9593082400813835,0.3679745493107105,0.0059535860121344986,-0.9999999999999645,-0.5804945636517801,-0.79374843625684,-1.0603157770131648,0.2691659945502447,-11.89646651669505
V4_strict,180,1.5,2024,693,658,0.9494949494949495,0.39361702127659576,-0.019499147044199774,-0.9999999999999816,-0.33493243239380105,-0.44963544524820154,-0.593014211316202,0.4665060585198344,-9.362595952195763
V4_strict,180,1.5,2025,816,784,0.9607843137254902,0.41836734693877553,0.028875965735155263,-0.9999999999999805,-0.23787976678988984,-0.33488185134445164,-0.4561344570376539,0.5639719820011838,-7.769180361375883
V4_strict,180,1.5,2026,552,528,0.9565217391304348,0.375,-0.043448178625214134,-0.9999999999999805,-0.37728333023816796,-0.49867793082469664,-0.6504211815578574,0.4249159169876153,-9.278773150581468
V4_strict,180,1.5,ALL,3044,2913,0.9569645203679369,0.3886028149673876,-0.0025808748106391863,-0.9999999999999742,-0.39598189137239137,-0.5390368064857558,-0.7178554503774613,0.4049363677752756,-18.77006259450935
V4_strict,180,2.0,2023,983,943,0.9593082400813835,0.3255567338282078,-0.0016170090745220964,-0.9999999999999745,-0.5880651587384368,-0.8013190313434967,-1.0678863720998213,0.3160257939752799,-11.486385579859544
V4_strict,180,2.0,2024,693,658,0.9494949494949495,0.3404255319148936,-0.020314505734713512,-0.9999999999999872,-0.33574779108431474,-0.4504508039387152,-0.5938295700067158,0.5078245775240615,-8.33289501809487
V4_strict,180,2.0,2025,816,784,0.9607843137254902,0.3762755102040816,0.04522804267368221,-0.9999999999999863,-0.22152768985136287,-0.31852977440592467,-0.43978238009912696,0.614860392418511,-6.550117572056212
V4_strict,180,2.0,2026,552,528,0.9565217391304348,0.3484848484848485,0.008459474246585594,-0.9999999999999841,-0.3253756773663682,-0.44677027795289687,-0.5985135286860576,0.5047282710731602,-7.423342341743981
V4_strict,180,2.0,ALL,3044,2913,0.9569645203679369,0.3467215928595949,0.008593753356556199,-0.999999999999984,-0.38480726320519604,-0.5278621783185604,-0.706680822210266,0.456983007654982,-17.0209923693965
