sleeve,entry_time,exit_time,side,bars,days,gross_price_contribution,max_abs_exposure,min_maintenance_headroom
7d,2022-01-01 00:00:00,2022-01-05 04:00:00,SHORT,25,4.166666666666667,-0.0004997949083516453,0.055735368273807644,0.997990433010151
7d,2022-01-05 04:00:00,2022-01-06 04:00:00,LONG,6,1.0,-0.0023294162874035605,0.05618085879564779,0.996452526795922
7d,2022-01-06 04:00:00,2022-01-15 04:00:00,SHORT,54,9.0,0.005127024776361315,0.05621359257378233,0.9923702002993782
7d,2022-01-15 04:00:00,2022-01-19 04:00:00,LONG,24,4.0,-0.003536560403516407,0.06422201331289805,0.9980558582293111
7d,2022-01-19 04:00:00,2022-01-30 04:00:00,SHORT,66,11.0,0.011173522519062321,0.06365320217321917,0.9883900916671549
7d,2022-01-30 04:00:00,2022-02-13 04:00:00,LONG,84,14.0,0.005961575541828971,0.044120394709965566,0.9971192064373294
7d,2022-02-13 04:00:00,2022-02-16 04:00:00,SHORT,18,3.0,-0.002337672551039788,0.04376864250610201,0.9944542990364135
7d,2022-02-16 04:00:00,2022-02-17 04:00:00,LONG,6,1.0,0.000848502122934403,0.04309274397982354,0.997639666097279
7d,2022-02-17 04:00:00,2022-02-27 04:00:00,SHORT,60,10.0,0.0042555318226999315,0.05035145388317177,0.9930064493191502
7d,2022-02-27 04:00:00,2022-02-28 04:00:00,LONG,6,1.0,-0.0034606511163998393,0.0483886712454639,0.9955252782259089
7d,2022-02-28 04:00:00,2022-03-01 04:00:00,SHORT,6,1.0,-0.003539924450187428,0.04591801663581594,0.9960344386732308
7d,2022-03-01 04:00:00,2022-03-05 04:00:00,LONG,24,4.0,-0.003036963367648398,0.045237633333942213,0.9970023004778824
7d,2022-03-05 04:00:00,2022-03-07 04:00:00,SHORT,12,2.0,0.0001794410997436855,0.04504699979429566,0.9970371502170581
7d,2022-03-07 04:00:00,2022-03-08 04:00:00,LONG,6,1.0,-0.002575878642397743,0.04657765014938184,0.9972317841218565
7d,2022-03-08 04:00:00,2022-03-15 04:00:00,SHORT,42,7.0,-0.0016101377871664511,0.04481971046371085,0.9919808058180637
7d,2022-03-15 04:00:00,2022-04-07 04:00:00,LONG,138,23.0,0.011041563576685893,0.06300286101838325,0.9964489960835772
7d,2022-04-07 04:00:00,2022-04-19 04:00:00,SHORT,72,12.0,0.004932907834314215,0.07452215804798429,0.9953301061858478
7d,2022-04-19 04:00:00,2022-04-21 04:00:00,LONG,12,2.0,0.001540871921214993,0.07100485511356318,0.9966060169331284
7d,2022-04-21 04:00:00,2022-04-22 04:00:00,SHORT,6,1.0,0.0009397611372365159,0.06987984457223008,0.9976078234520775
7d,2022-04-22 04:00:00,2022-04-23 04:00:00,LONG,6,1.0,-0.0016086004736615596,0.07077861371672887,0.9921989254328728
7d,2022-04-23 04:00:00,2022-04-26 04:00:00,SHORT,18,3.0,-0.0015381561813821742,0.07362985760989309,0.995084232144443
7d,2022-04-26 04:00:00,2022-04-27 04:00:00,LONG,6,1.0,-0.004027369928855795,0.06875611544975349,0.9954780607720296
7d,2022-04-27 04:00:00,2022-05-05 04:00:00,SHORT,48,8.0,-0.00294123518447133,0.0684976268724797,0.9960886654526265
7d,2022-05-05 04:00:00,2022-05-06 04:00:00,LONG,6,1.0,-0.005134094936107014,0.0658667585263241,0.9943493324292089
7d,2022-05-06 04:00:00,2022-05-20 04:00:00,SHORT,84,14.0,0.017212558442553094,0.06329955385401694,0.987554760445249
7d,2022-05-20 04:00:00,2022-05-21 04:00:00,LONG,6,1.0,-0.0005307186479887426,0.044965395209161145,0.9984455152259707
7d,2022-05-21 04:00:00,2022-06-06 04:00:00,SHORT,96,16.0,0.0029427236543428806,0.04514102732919114,0.9926777031953662
7d,2022-06-06 04:00:00,2022-06-07 04:00:00,LONG,6,1.0,0.001088243416868519,0.0450687036038667,0.9973676642542063
7d,2022-06-07 04:00:00,2022-06-24 04:00:00,SHORT,102,17.0,0.021910823463155118,0.04923765784401642,0.9845975016198534
7d,2022-06-24 04:00:00,2022-07-01 04:00:00,LONG,42,7.0,-0.0029407372640435476,0.03305996773379035,0.9977758555557934
7d,2022-07-01 04:00:00,2022-07-07 04:00:00,SHORT,36,6.0,-0.004154078525277956,0.03263030181825052,0.9933181121010493
7d,2022-07-07 04:00:00,2022-07-13 04:00:00,LONG,36,6.0,-0.003217057976788518,0.032591715845993054,0.9980689141749488
7d,2022-07-13 04:00:00,2022-07-16 04:00:00,SHORT,18,3.0,-0.0068510619512206095,0.03503875804107293,0.9928410480166133
7d,2022-07-16 04:00:00,2022-07-27 04:00:00,LONG,66,11.0,0.0030505606311277632,0.041569645612369546,0.9968042036670411
7d,2022-07-27 04:00:00,2022-07-28 04:00:00,SHORT,6,1.0,-0.006336754000592467,0.04072233874857953,0.9959449396053981
7d,2022-07-28 04:00:00,2022-08-05 04:00:00,LONG,48,8.0,0.000246236802488811,0.039775846927337065,0.997901022022949
7d,2022-08-05 04:00:00,2022-08-07 04:00:00,SHORT,12,2.0,-0.0031051874136205546,0.040482078955135635,0.9978165366442802
7d,2022-08-07 04:00:00,2022-08-08 04:00:00,LONG,6,1.0,-0.0001430615625719696,0.04021113431901798,0.9987055573215471
7d,2022-08-08 04:00:00,2022-08-09 04:00:00,SHORT,6,1.0,-0.0017649718550656582,0.040387233211143875,0.9979076356536029
7d,2022-08-09 04:00:00,2022-08-19 04:00:00,LONG,60,10.0,0.0021050982671110023,0.04324238968725252,0.997344400375465
7d,2022-08-19 04:00:00,2022-09-03 04:00:00,SHORT,90,15.0,0.007552282184061726,0.053268860768746484,0.989959436834352
7d,2022-09-03 04:00:00,2022-09-08 04:00:00,LONG,30,5.0,0.0004377021704341502,0.0501297940693134,0.9974412111999489
7d,2022-09-08 04:00:00,2022-09-09 04:00:00,SHORT,6,1.0,-0.0024469468203679595,0.04825087278300269,0.9909234941916283
7d,2022-09-09 04:00:00,2022-09-16 04:00:00,LONG,42,7.0,-0.004445655290290101,0.051071539550995276,0.9945014642525865
7d,2022-09-16 04:00:00,2022-09-29 04:00:00,SHORT,78,13.0,0.0047633857390968004,0.047174939491686524,0.9967328712834408
7d,2022-09-29 04:00:00,2022-10-02 04:00:00,LONG,18,3.0,-0.0007842410653883967,0.0482606657020793,0.9976274226655866
7d,2022-10-02 04:00:00,2022-10-03 04:00:00,SHORT,6,1.0,0.0002642098043175225,0.048959008776098066,0.9984204639150469
7d,2022-10-03 04:00:00,2022-10-04 04:00:00,LONG,6,1.0,0.0005259282682319573,0.05030980888141617,0.9977324150099545
7d,2022-10-04 04:00:00,2022-10-05 04:00:00,SHORT,6,1.0,-0.001386325592752421,0.05001651103293201,0.9983994885373042
7d,2022-10-05 04:00:00,2022-10-08 04:00:00,LONG,18,3.0,-0.0010357098135081602,0.05195162080528729,0.9980453464684717
7d,2022-10-08 04:00:00,2022-10-09 04:00:00,SHORT,6,1.0,0.00012047122000140737,0.05282081747289422,0.9987887582523748
7d,2022-10-09 04:00:00,2022-10-11 04:00:00,LONG,12,2.0,-0.0006991531977237781,0.05461790679685729,0.9982369684869051
7d,2022-10-11 04:00:00,2022-10-18 04:00:00,SHORT,42,7.0,-0.0012599129502013358,0.0672726388697124,0.9954543668174959
7d,2022-10-18 04:00:00,2022-10-21 04:00:00,LONG,18,3.0,-0.002159386372810024,0.07270116157821749,0.9979208336975869
7d,2022-10-21 04:00:00,2022-10-22 04:00:00,SHORT,6,1.0,-0.0010573637899934933,0.07353493316433786,0.9950631538337232
7d,2022-10-22 04:00:00,2022-11-03 04:00:00,LONG,72,12.0,0.01518542009103981,0.09166054427268022,0.9949136571787358
7d,2022-11-03 04:00:00,2022-11-05 04:00:00,SHORT,12,2.0,-0.005631263159952675,0.07939953537173995,0.993686663511058
7d,2022-11-05 04:00:00,2022-11-09 04:00:00,LONG,24,4.0,-0.016253151680959827,0.07694991946646304,0.9857256896984965
7d,2022-11-09 04:00:00,2022-11-17 04:00:00,SHORT,48,8.0,0.0031913410619136217,0.05884981039566012,0.9775177409063848
7d,2022-11-17 04:00:00,2022-11-18 04:00:00,LONG,6,1.0,-0.0002082352832547851,0.04226866975035159,0.998502111993667
7d,2022-11-18 04:00:00,2022-11-25 04:00:00,SHORT,42,7.0,-8.319458695021977e-05,0.04230663216578517,0.9928846128023889
7d,2022-11-25 04:00:00,2022-11-26 04:00:00,LONG,6,1.0,-0.00020318908429852188,0.041857500462286534,0.9988382884239081
7d,2022-11-26 04:00:00,2022-11-28 04:00:00,SHORT,12,2.0,-0.0005800102471243267,0.04235619775870969,0.9961637084087378
7d,2022-11-28 04:00:00,2022-12-08 04:00:00,LONG,60,10.0,0.0008079390479871819,0.04326481358729684,0.9969506716439283
7d,2022-12-08 04:00:00,2022-12-09 04:00:00,SHORT,6,1.0,-0.0018160105198755214,0.04327570381893384,0.9946159948456398
7d,2022-12-09 04:00:00,2022-12-10 04:00:00,LONG,6,1.0,-0.0005667418477957279,0.0477665947359876,0.9988461603710007
7d,2022-12-10 04:00:00,2022-12-11 04:00:00,SHORT,6,1.0,-0.00011651927558534251,0.05052714748612499,0.9986914930435131
7d,2022-12-11 04:00:00,2022-12-12 04:00:00,LONG,6,1.0,0.00013332818627802848,0.06707620591816661,0.998380891549716
7d,2022-12-12 04:00:00,2022-12-13 04:00:00,SHORT,6,1.0,0.001118225960545751,0.07136739967771671,0.9969739048877931
7d,2022-12-13 04:00:00,2022-12-16 04:00:00,LONG,18,3.0,0.0011724455364921223,0.07586717717798531,0.9954965457264389
7d,2022-12-16 04:00:00,2022-12-24 04:00:00,SHORT,48,8.0,0.0030524217121394386,0.08412150671184322,0.9930450657246358
7d,2022-12-24 04:00:00,2022-12-28 04:00:00,LONG,24,4.0,-0.000647540342354265,0.08793373410251931,0.9967178443838084
7d,2022-12-28 04:00:00,2022-12-30 04:00:00,SHORT,12,2.0,0.0008790774644713895,0.08910260506806737,0.995607500899951
7d,2022-12-30 04:00:00,2022-12-31 04:00:00,LONG,6,1.0,-0.00028267444718938655,0.09098701952817458,0.9979970235133295
7d,2022-12-31 04:00:00,2023-01-03 04:00:00,SHORT,18,3.0,-0.0019359645742153915,0.09787054101740028,0.9936214493322046
7d,2023-01-03 04:00:00,2023-01-04 04:00:00,LONG,6,1.0,-0.0007466863258514258,0.0981225484302005,0.9980190978665076
7d,2023-01-04 04:00:00,2023-01-05 04:00:00,SHORT,6,1.0,-0.003552382121541845,0.10108695188873605,0.9871439077144301
7d,2023-01-05 04:00:00,2023-01-29 04:00:00,LONG,144,24.0,0.019248925072218263,0.10506674440185342,0.9829867714270583
7d,2023-01-29 04:00:00,2023-01-30 04:00:00,SHORT,6,1.0,-0.003810380681456703,0.0782743089780878,0.9962842659270795
7d,2023-01-30 04:00:00,2023-01-31 04:00:00,LONG,6,1.0,-0.004772557491841165,0.07690517396339433,0.9907935315068637
7d,2023-01-31 04:00:00,2023-02-02 04:00:00,SHORT,12,2.0,-0.0029934673989653027,0.07452382392068017,0.9972152703716649
7d,2023-02-02 04:00:00,2023-02-06 04:00:00,LONG,24,4.0,0.00015711745382762394,0.07324349690786335,0.9925197662875512
7d,2023-02-06 04:00:00,2023-02-07 04:00:00,SHORT,6,1.0,-0.0012960256014499026,0.07235176984470401,0.9981039272173247
7d,2023-02-07 04:00:00,2023-02-10 04:00:00,LONG,18,3.0,-0.0029668964764849597,0.07227870679508132,0.9889251420462534
7d,2023-02-10 04:00:00,2023-02-17 04:00:00,SHORT,42,7.0,-0.007068103034186599,0.07964307232642007,0.9955330027591321
7d,2023-02-17 04:00:00,2023-02-23 04:00:00,LONG,36,6.0,-0.004271598720819588,0.07721112551848751,0.9883964823797107
7d,2023-02-23 04:00:00,2023-03-02 04:00:00,SHORT,42,7.0,-0.000568647678813823,0.04110109295404383,0.9983471924192718
7d,2023-03-02 04:00:00,2023-03-03 04:00:00,LONG,6,1.0,0.00035294307335690436,0.041586006966739864,0.9974019250857245
7d,2023-03-03 04:00:00,2023-03-14 04:00:00,SHORT,66,11.0,-0.0005729398494164893,0.041137798438573965,0.996183795418141
7d,2023-03-14 04:00:00,2023-03-26 04:00:00,LONG,72,12.0,0.001142781019113246,0.03433295586029745,0.9943570899210157
7d,2023-03-26 04:00:00,2023-03-30 04:00:00,SHORT,24,4.0,-0.0015701402024180067,0.029840803581232336,0.998204531285215
7d,2023-03-30 04:00:00,2023-03-31 04:00:00,LONG,6,1.0,-0.0004468648505422257,0.02925553281704731,0.9981779832058604
7d,2023-03-31 04:00:00,2023-04-01 04:00:00,SHORT,6,1.0,-0.0007748309490718688,0.029240431097913456,0.9991796701844766
7d,2023-04-01 04:00:00,2023-04-13 04:00:00,LONG,72,12.0,0.0013156635645187684,0.032691148847200174,0.997024416665229
7d,2023-04-13 04:00:00,2023-04-14 04:00:00,SHORT,6,1.0,-0.0019872261483378554,0.035107822026490994,0.9991413176602888
7d,2023-04-14 04:00:00,2023-04-21 04:00:00,LONG,42,7.0,-0.0029568612519789194,0.07457160338026463,0.9921173315310295
7d,2023-04-21 04:00:00,2023-04-29 04:00:00,SHORT,48,8.0,0.0005493137182617965,0.04302855856091086,0.9963525562138076
7d,2023-04-29 04:00:00,2023-05-02 04:00:00,LONG,18,3.0,-0.0016457241082701733,0.03861037489238363,0.9964290974273904
7d,2023-05-02 04:00:00,2023-05-03 04:00:00,SHORT,6,1.0,-0.001150122457270827,0.03805651651193206,0.998694258581783
7d,2023-05-03 04:00:00,2023-05-05 04:00:00,LONG,12,2.0,0.0001800203642269377,0.038287494625225696,0.9977942591300041
7d,2023-05-05 04:00:00,2023-05-06 04:00:00,SHORT,6,1.0,-0.0023090363108555396,0.03855322872418461,0.9989326306701866
7d,2023-05-06 04:00:00,2023-05-07 04:00:00,LONG,6,1.0,-0.0018120490945806663,0.03821855596980638,0.994446803638793
7d,2023-05-07 04:00:00,2023-05-08 04:00:00,SHORT,6,1.0,-0.00030418565475655204,0.03725033006300534,0.9991042272803843
7d,2023-05-08 04:00:00,2023-05-10 04:00:00,LONG,12,2.0,-0.0011922087046904628,0.037348122793806456,0.9961834624715733
7d,2023-05-10 04:00:00,2023-05-19 04:00:00,SHORT,54,9.0,0.0010967183566953662,0.04030994235745803,0.9985683606269043
7d,2023-05-19 04:00:00,2023-05-23 04:00:00,LONG,24,4.0,0.0004952341596776422,0.04495242298488892,0.9989910787082924
7d,2023-05-23 04:00:00,2023-05-24 04:00:00,SHORT,6,1.0,-0.0008775257977333508,0.04506674221118395,0.9977732134885733
7d,2023-05-24 04:00:00,2023-05-25 04:00:00,LONG,6,1.0,-0.0014360433948065422,0.04435029930910973,0.9962666264445299
7d,2023-05-25 04:00:00,2023-05-26 04:00:00,SHORT,6,1.0,-0.00040481547806945506,0.044208597742877796,0.9986461334606427
7d,2023-05-26 04:00:00,2023-06-06 04:00:00,LONG,66,11.0,-0.00027090295108027124,0.06008055978239982,0.9957414193462971
7d,2023-06-06 04:00:00,2023-06-21 04:00:00,SHORT,90,15.0,0.001011208843194478,0.06160349895585173,0.9939740385111985
7d,2023-06-21 04:00:00,2023-06-29 04:00:00,LONG,48,8.0,0.001464091195164907,0.047463439557077554,0.9953643860472469
7d,2023-06-29 04:00:00,2023-07-01 04:00:00,SHORT,12,2.0,-0.0023768616236767683,0.04619876766545899,0.9969350996139515
7d,2023-07-01 04:00:00,2023-07-08 04:00:00,LONG,42,7.0,-0.001417456600567907,0.045042063459670344,0.9956931649235974
7d,2023-07-08 04:00:00,2023-07-14 04:00:00,SHORT,36,6.0,-0.0033429693517698306,0.04942264574132593,0.9970901077271686
7d,2023-07-14 04:00:00,2023-07-18 04:00:00,LONG,24,4.0,-0.0026373793862575945,0.04840534643960889,0.9968856911846266
7d,2023-07-18 04:00:00,2023-07-19 04:00:00,SHORT,6,1.0,-0.0001369781133426424,0.04841182113736347,0.9983456089128968
7d,2023-07-19 04:00:00,2023-07-21 04:00:00,LONG,12,2.0,-7.999811191027899e-05,0.04822851261704592,0.9983470385012284
7d,2023-07-21 04:00:00,2023-08-01 04:00:00,SHORT,66,11.0,0.0008886717928293208,0.06264453771158547,0.9977336199943072
7d,2023-08-01 04:00:00,2023-08-02 04:00:00,LONG,6,1.0,-0.00019741489270821348,0.06267898089515739,0.9982770265058923
7d,2023-08-02 04:00:00,2023-08-09 04:00:00,SHORT,42,7.0,-0.00034599553999861915,0.06600243899927451,0.9959106031089338
7d,2023-08-09 04:00:00,2023-08-16 04:00:00,LONG,42,7.0,-0.001220449110023069,0.09880548490650524,0.9972207220586161
7d,2023-08-16 04:00:00,2023-08-30 04:00:00,SHORT,84,14.0,0.004797187679963165,0.10416620746426546,0.9854969906866131
7d,2023-08-30 04:00:00,2023-09-02 04:00:00,LONG,18,3.0,-0.0044586640741777345,0.06563058300850616,0.9981100954866056
7d,2023-09-02 04:00:00,2023-09-09 04:00:00,SHORT,42,7.0,-0.0006174553587952973,0.06518776896764052,0.9930592086332058
7d,2023-09-09 04:00:00,2023-09-11 04:00:00,LONG,12,2.0,-0.0006748255046000943,0.06434809790955531,0.9987587569443646
7d,2023-09-11 04:00:00,2023-09-18 04:00:00,SHORT,42,7.0,-0.00021247112986122216,0.06433794829817328,0.993510774957158
7d,2023-09-18 04:00:00,2023-09-22 04:00:00,LONG,24,4.0,-0.0014398845901860689,0.0652731385949728,0.9979864134809354
7d,2023-09-22 04:00:00,2023-09-29 04:00:00,SHORT,42,7.0,-0.002690828046803038,0.06871198921638684,0.9935800424034238
7d,2023-09-29 04:00:00,2023-10-06 04:00:00,LONG,42,7.0,-0.0007532004167077186,0.036862696905150344,0.9981153503978213
7d,2023-10-06 04:00:00,2023-10-17 04:00:00,SHORT,66,11.0,0.00043310643890844154,0.034505798101876185,0.9954086815585524
7d,2023-10-17 04:00:00,2023-10-18 04:00:00,LONG,6,1.0,-0.0005539598222489564,0.03441427116869123,0.9991052781102845
7d,2023-10-18 04:00:00,2023-10-19 04:00:00,SHORT,6,1.0,2.5194960094103452e-05,0.034048003130223665,0.9985411820954178
7d,2023-10-19 04:00:00,2023-11-17 04:00:00,LONG,174,29.0,0.006766374659792947,0.05180815031073154,0.991616966963352
7d,2023-11-17 04:00:00,2023-11-22 04:00:00,SHORT,30,5.0,0.00038040817086270554,0.037793949220106766,0.9984135280241894
7d,2023-11-22 04:00:00,2023-11-28 04:00:00,LONG,36,6.0,-0.0008691437617222675,0.04015735969608852,0.9962462115812662
7d,2023-11-28 04:00:00,2023-11-29 04:00:00,SHORT,6,1.0,-0.0006432904467945919,0.019968677096633098,0.99938005389878
7d,2023-11-29 04:00:00,2023-11-30 04:00:00,LONG,6,1.0,-0.000199275177236059,0.019765966478132425,0.9987630202544211
7d,2023-11-30 04:00:00,2023-12-02 04:00:00,SHORT,12,2.0,-0.0005025577036396789,0.020008332047820782,0.9994852095955976
7d,2023-12-02 04:00:00,2023-12-12 04:00:00,LONG,60,10.0,0.0006362180991059268,0.04487319150286212,0.9860363406200342
7d,2023-12-12 04:00:00,2023-12-23 04:00:00,SHORT,66,11.0,-0.000980786722412094,0.042780392524081313,0.9979001179310469
7d,2023-12-23 04:00:00,2024-01-04 04:00:00,LONG,72,12.0,-0.0018303915758361873,0.04443103779775278,0.9927438911805349
7d,2024-01-04 04:00:00,2024-01-09 04:00:00,SHORT,30,5.0,-0.001411622289995877,0.021319104064160696,0.9988354550390629
7d,2024-01-09 04:00:00,2024-01-10 04:00:00,LONG,6,1.0,-0.0007353465653629255,0.02026576638908196,0.9989806615598178
7d,2024-01-10 04:00:00,2024-01-11 04:00:00,SHORT,6,1.0,-0.0017677342582727293,0.020060329528476795,0.9987466003501446
7d,2024-01-11 04:00:00,2024-01-19 04:00:00,LONG,48,8.0,-0.0001677322446326777,0.02039575919417709,0.9968663373747959
7d,2024-01-19 04:00:00,2024-01-31 04:00:00,SHORT,72,12.0,0.0005528591010056196,0.01982062427555436,0.9986753123791989
7d,2024-01-31 04:00:00,2024-03-15 04:00:00,LONG,264,44.0,0.015184898598465684,0.049173825079740385,0.9778394963849608
7d,2024-03-15 04:00:00,2024-03-26 04:00:00,SHORT,66,11.0,0.0010172235789034948,0.02872960569224332,0.9976321465260463
7d,2024-03-26 04:00:00,2024-04-02 04:00:00,LONG,42,7.0,-0.0010052220512156373,0.02491428368143345,0.9972811145789812
7d,2024-04-02 04:00:00,2024-04-09 04:00:00,SHORT,42,7.0,-0.00224148994829087,0.031081402874780062,0.9980144367827183
7d,2024-04-09 04:00:00,2024-04-13 04:00:00,LONG,24,4.0,-0.004196718483221017,0.029953874904826056,0.9962058380280636
7d,2024-04-13 04:00:00,2024-04-21 04:00:00,SHORT,48,8.0,0.0003041210668471001,0.02810267930311859,0.998208943558462
7d,2024-04-21 04:00:00,2024-04-30 04:00:00,LONG,54,9.0,0.0004300332408013846,0.02985161553086017,0.9985444720999833
7d,2024-04-30 04:00:00,2024-05-08 04:00:00,SHORT,48,8.0,0.0011966830812954496,0.029489474926467963,0.9982704792097586
7d,2024-05-08 04:00:00,2024-05-11 04:00:00,LONG,18,3.0,-0.0014092699544582946,0.02928685416153722,0.9982856934239778
7d,2024-05-11 04:00:00,2024-05-16 04:00:00,SHORT,30,5.0,-0.001406582998436285,0.03413381240351976,0.9983771359549455
7d,2024-05-16 04:00:00,2024-05-17 04:00:00,LONG,6,1.0,-0.0009286492488848314,0.03498178232579801,0.9985790967562196
7d,2024-05-17 04:00:00,2024-05-18 04:00:00,SHORT,6,1.0,-0.0016830097386134491,0.03558510450761172,0.9984318369671972
7d,2024-05-18 04:00:00,2024-05-31 04:00:00,LONG,78,13.0,0.007383810841953954,0.03789890580909919,0.9933991231443445
7d,2024-05-31 04:00:00,2024-06-01 04:00:00,SHORT,6,1.0,-0.00020780226245083303,0.030109593164358073,0.9990762408837531
7d,2024-06-01 04:00:00,2024-06-03 04:00:00,LONG,12,2.0,-3.33293908191286e-05,0.03169242181562212,0.9982972101485161
7d,2024-06-03 04:00:00,2024-06-06 04:00:00,SHORT,18,3.0,-0.0008063746566624387,0.032443551792504764,0.9989709487125461
7d,2024-06-06 04:00:00,2024-06-08 04:00:00,LONG,12,2.0,-0.0016207966739584505,0.0327255607966629,0.9974847280502883
7d,2024-06-08 04:00:00,2024-06-20 04:00:00,SHORT,72,12.0,0.0012033518061068062,0.03341631089192424,0.9979899828054504
7d,2024-06-20 04:00:00,2024-06-23 04:00:00,LONG,18,3.0,-0.0006256316388887311,0.042827442031364626,0.9960593434965082
7d,2024-06-23 04:00:00,2024-07-02 04:00:00,SHORT,54,9.0,0.00019009556191401718,0.04958114881980382,0.9955269456674002
7d,2024-07-02 04:00:00,2024-07-04 04:00:00,LONG,12,2.0,-0.002930897586932647,0.04898236337906405,0.9979637749672181
7d,2024-07-04 04:00:00,2024-07-13 04:00:00,SHORT,54,9.0,0.0023250499686658698,0.04784380619693526,0.9917758510818203
7d,2024-07-13 04:00:00,2024-07-24 04:00:00,LONG,66,11.0,0.004465222829794282,0.04199991697155964,0.9963943881081545
7d,2024-07-24 04:00:00,2024-08-02 04:00:00,SHORT,54,9.0,0.0037740432758194987,0.0399616486594559,0.9963556126544134
7d,2024-08-02 04:00:00,2024-08-03 04:00:00,LONG,6,1.0,-0.0013799503380903713,0.03655349254181365,0.9974865646512291
7d,2024-08-03 04:00:00,2024-08-13 04:00:00,SHORT,60,10.0,0.004964634310367289,0.03695978294068947,0.9911355554275734
7d,2024-08-13 04:00:00,2024-08-16 04:00:00,LONG,18,3.0,-0.000914775107632644,0.023146949676098812,0.9988309167895861
7d,2024-08-16 04:00:00,2024-08-17 04:00:00,SHORT,6,1.0,-0.0006407770910800653,0.022829835973681368,0.9979843294714168
7d,2024-08-17 04:00:00,2024-08-20 04:00:00,LONG,18,3.0,-0.00010767818716418595,0.022884979321817742,0.9991320539151105
7d,2024-08-20 04:00:00,2024-08-23 04:00:00,SHORT,18,3.0,-2.553413611238096e-05,0.022747782859525795,0.9983961816845257
7d,2024-08-23 04:00:00,2024-08-28 04:00:00,LONG,30,5.0,-0.00020152390494466874,0.02309090033873651,0.9989676409962857
7d,2024-08-28 04:00:00,2024-09-14 04:00:00,SHORT,102,17.0,0.0011558179643736967,0.0340421993921143,0.9964151696775969
7d,2024-09-14 04:00:00,2024-09-17 04:00:00,LONG,18,3.0,-0.002213301866936041,0.03628552609144523,0.9987930629121016
7d,2024-09-17 04:00:00,2024-09-20 04:00:00,SHORT,18,3.0,-0.0028369308650645106,0.03561212010539875,0.9954702707035897
7d,2024-09-20 04:00:00,2024-10-01 04:00:00,LONG,66,11.0,0.0018333660011993606,0.03933399153956632,0.9979494851325942
7d,2024-10-01 04:00:00,2024-10-10 04:00:00,SHORT,54,9.0,0.0026149943158720185,0.0419527482544158,0.9970372805250626
7d,2024-10-10 04:00:00,2024-10-24 04:00:00,LONG,84,14.0,0.0017226675703841238,0.04516839498725467,0.9975893057292593
7d,2024-10-24 04:00:00,2024-10-31 04:00:00,SHORT,42,7.0,-0.0025331389463919074,0.047161382702144206,0.9947968295408344
7d,2024-10-31 04:00:00,2024-11-01 04:00:00,LONG,6,1.0,-0.0023688908098371533,0.0438347991750633,0.9977183765136242
7d,2024-11-01 04:00:00,2024-11-02 04:00:00,SHORT,6,1.0,-1.3355596018922256e-05,0.04487807158019102,0.9980413715496284
7d,2024-11-02 04:00:00,2024-11-04 04:00:00,LONG,12,2.0,-0.0011884633368314198,0.048602434305535756,0.9978346269777807
7d,2024-11-04 04:00:00,2024-11-07 04:00:00,SHORT,18,3.0,-0.004477484343760174,0.04842475626390825,0.9950216831490802
7d,2024-11-07 04:00:00,2024-11-18 04:00:00,LONG,66,11.0,0.006378826435677593,0.04232070854498234,0.9940200964653155
7d,2024-11-18 04:00:00,2024-11-22 04:00:00,SHORT,24,4.0,-0.0024915617161445306,0.03215020657152005,0.9985392329314035
7d,2024-11-22 04:00:00,2024-12-12 04:00:00,LONG,120,20.0,0.0038620056522218837,0.030210994834667482,0.9913659447596714
7d,2024-12-12 04:00:00,2024-12-13 04:00:00,SHORT,6,1.0,-0.0005358859519028774,0.029091515342086424,0.9988005380603204
7d,2024-12-13 04:00:00,2024-12-14 04:00:00,LONG,6,1.0,0.0003557112409997545,0.029068796507079234,0.99817852285016
7d,2024-12-14 04:00:00,2024-12-17 04:00:00,SHORT,18,3.0,-0.0011922036526657034,0.032721756371631563,0.9989224844986941
7d,2024-12-17 04:00:00,2024-12-19 04:00:00,LONG,12,2.0,-0.00242548892514036,0.03313262683450415,0.9969309925191204
7d,2024-12-19 04:00:00,2024-12-29 04:00:00,SHORT,60,10.0,0.002857245884038802,0.033356813647837234,0.9968481765413773
7d,2024-12-29 04:00:00,2025-01-01 04:00:00,LONG,18,3.0,-0.0003194817200327921,0.026617191443064746,0.9986656642404841
7d,2025-01-01 04:00:00,2025-01-03 04:00:00,SHORT,12,2.0,-0.0008452313557864233,0.026540044790121616,0.9991597184014542
7d,2025-01-03 04:00:00,2025-01-09 04:00:00,LONG,36,6.0,-0.0014288115054326767,0.027419596489376308,0.997862451800199
7d,2025-01-09 04:00:00,2025-01-16 04:00:00,SHORT,42,7.0,-0.0013022307789361566,0.027478450063490614,0.9983262192574812
7d,2025-01-16 04:00:00,2025-01-23 04:00:00,LONG,42,7.0,-0.0012180500421018286,0.02983285930950975,0.9971919408290063
7d,2025-01-23 04:00:00,2025-01-26 04:00:00,SHORT,18,3.0,-0.0007473633442174867,0.028980206586511348,0.9982496045776348
7d,2025-01-26 04:00:00,2025-01-27 04:00:00,LONG,6,1.0,-6.684025848361421e-06,0.02816580579145206,0.9983859426299421
7d,2025-01-27 04:00:00,2025-01-31 04:00:00,SHORT,24,4.0,0.0005672235581025832,0.028812193255422627,0.9980968944036955
7d,2025-01-31 04:00:00,2025-02-01 04:00:00,LONG,6,1.0,0.000590112023952858,0.02737072917819933,0.9985287013927097
7d,2025-02-01 04:00:00,2025-02-15 04:00:00,SHORT,84,14.0,0.004749885481634157,0.026694180448684462,0.996808907325905
7d,2025-02-15 04:00:00,2025-02-22 04:00:00,LONG,42,7.0,-0.0007874128792546075,0.024719168060896968,0.9988902729535121
7d,2025-02-22 04:00:00,2025-02-23 04:00:00,SHORT,6,1.0,-0.0011864408373748869,0.024468274215500362,0.997714498623209
7d,2025-02-23 04:00:00,2025-02-25 04:00:00,LONG,12,2.0,-0.0011513692039264477,0.024790281655814216,0.9989581810106611
7d,2025-02-25 04:00:00,2025-03-09 04:00:00,SHORT,72,12.0,0.003404264087239794,0.024544331090024626,0.9910551157708408
7d,2025-03-09 04:00:00,2025-03-10 04:00:00,LONG,6,1.0,-0.0019397298845073114,0.022650641592798032,0.9995222666431219
7d,2025-03-10 04:00:00,2025-03-18 04:00:00,SHORT,48,8.0,0.000998921777734492,0.022586035172863953,0.9971380723017883
7d,2025-03-18 04:00:00,2025-03-19 04:00:00,LONG,6,1.0,-0.0004050158030372945,0.02092883088645285,0.99937173864207
7d,2025-03-19 04:00:00,2025-03-20 04:00:00,SHORT,6,1.0,-0.0013736842717773142,0.0208836413579464,0.9963616035068744
7d,2025-03-20 04:00:00,2025-03-27 04:00:00,LONG,42,7.0,-0.0002846104778026152,0.020941736348048908,0.9990102502530966
7d,2025-03-27 04:00:00,2025-03-28 04:00:00,SHORT,6,1.0,-5.086125441974753e-05,0.021029888943656507,0.9988014804133314
7d,2025-03-28 04:00:00,2025-03-29 04:00:00,LONG,6,1.0,-0.0014497405659643537,0.021982855512595004,0.9994745390989436
7d,2025-03-29 04:00:00,2025-04-15 04:00:00,SHORT,102,17.0,0.002406134145873591,0.05057410163398433,0.9899516958231311
7d,2025-04-15 04:00:00,2025-04-17 04:00:00,LONG,12,2.0,-0.0006820017622847526,0.02328074209484729,0.9991972452196078
7d,2025-04-17 04:00:00,2025-04-18 04:00:00,SHORT,6,1.0,0.00010645909949243418,0.023248048416250267,0.9981249190086691
7d,2025-04-18 04:00:00,2025-04-20 04:00:00,LONG,12,2.0,0.0005003788267989755,0.023836288137563198,0.999259390242947
7d,2025-04-20 04:00:00,2025-04-23 04:00:00,SHORT,18,3.0,-0.0012343810204360423,0.02392324128374669,0.995494372743439
7d,2025-04-23 04:00:00,2025-05-01 04:00:00,LONG,48,8.0,0.0012278042762704094,0.023443420499576793,0.9985319283052347
7d,2025-05-01 04:00:00,2025-05-02 04:00:00,SHORT,6,1.0,-0.0007190554940324273,0.023086515390801268,0.9977767243594664
7d,2025-05-02 04:00:00,2025-05-07 04:00:00,LONG,30,5.0,-0.0007550415916573989,0.024330608612535862,0.9989822133454944
7d,2025-05-07 04:00:00,2025-05-08 04:00:00,SHORT,6,1.0,-0.00017089412473080375,0.025716430908002474,0.9990863710604392
7d,2025-05-08 04:00:00,2025-05-18 04:00:00,LONG,60,10.0,0.009318515213454698,0.031379904823514444,0.9973637231879552
7d,2025-05-18 04:00:00,2025-05-20 04:00:00,SHORT,12,2.0,-0.0006214799253834009,0.029037165274222215,0.9984305705930316
7d,2025-05-20 04:00:00,2025-05-21 04:00:00,LONG,6,1.0,-0.00017466788082859175,0.02589104455020645,0.9990971068382726
7d,2025-05-21 04:00:00,2025-05-23 04:00:00,SHORT,12,2.0,-0.0013970258328297412,0.026241060105244535,0.9986023487086452
7d,2025-05-23 04:00:00,2025-05-24 04:00:00,LONG,6,1.0,-0.0007355445751884195,0.02655233435370155,0.9985198013748958
7d,2025-05-24 04:00:00,2025-05-25 04:00:00,SHORT,6,1.0,5.5447869653328144e-05,0.02625720461308718,0.9992932849948027
7d,2025-05-25 04:00:00,2025-06-01 04:00:00,LONG,42,7.0,-9.177615633212407e-05,0.026386702101305046,0.9968506045670833
7d,2025-06-01 04:00:00,2025-06-05 04:00:00,SHORT,24,4.0,-0.0009034226768847898,0.02613338563646411,0.9990474260485076
7d,2025-06-05 04:00:00,2025-06-06 04:00:00,LONG,6,1.0,-0.0009320690622064501,0.025645812112807777,0.9970860420817763
7d,2025-06-06 04:00:00,2025-06-09 04:00:00,SHORT,18,3.0,-7.075540117578943e-05,0.026448610916948796,0.9981936783548108
7d,2025-06-09 04:00:00,2025-06-15 04:00:00,LONG,36,6.0,-0.0002292109709748158,0.030340233293234004,0.9923618068389954
7d,2025-06-15 04:00:00,2025-06-16 04:00:00,SHORT,6,1.0,-0.0003470230701567647,0.029300330346604387,0.9991048263834699
7d,2025-06-16 04:00:00,2025-06-18 04:00:00,LONG,12,2.0,-3.9677604586544246e-05,0.02937947780415491,0.9953485292633623
7d,2025-06-18 04:00:00,2025-06-29 04:00:00,SHORT,66,11.0,0.0011066524277875082,0.032301797597313046,0.997817653009395
7d,2025-06-29 04:00:00,2025-07-02 04:00:00,LONG,18,3.0,-0.0003555766483649547,0.03137951960920037,0.9989614175800291
7d,2025-07-02 04:00:00,2025-07-03 04:00:00,SHORT,6,1.0,-0.0025365484674737095,0.030925540089683293,0.9981703631833823
7d,2025-07-03 04:00:00,2025-08-02 04:00:00,LONG,180,30.0,0.009130336621416813,0.07057063268688717,0.9912362790882846
7d,2025-08-02 04:00:00,2025-08-08 04:00:00,SHORT,36,6.0,-0.0032501194070518363,0.034477809437322614,0.9983997445111977
7d,2025-08-08 04:00:00,2025-08-20 04:00:00,LONG,72,12.0,0.004786666740183541,0.06771384225980256,0.9881835983000243
7d,2025-08-20 04:00:00,2025-08-23 04:00:00,SHORT,18,3.0,-0.010181734130491893,0.06402687153242954,0.9976643662253547
7d,2025-08-23 04:00:00,2025-08-30 04:00:00,LONG,42,7.0,-0.006102558988326261,0.05922030142836011,0.9915278815690627
7d,2025-08-30 04:00:00,2025-09-10 04:00:00,SHORT,66,11.0,0.000401195981587315,0.05913259097695375,0.997006859453994
7d,2025-09-10 04:00:00,2025-09-11 04:00:00,LONG,6,1.0,0.00039279642895659653,0.05909124088118736,0.99489678441515
7d,2025-09-11 04:00:00,2025-09-12 04:00:00,SHORT,6,1.0,-0.0014061077400502346,0.06026741932337657,0.9979738846688567
7d,2025-09-12 04:00:00,2025-09-20 04:00:00,LONG,48,8.0,0.00012324395175605319,0.06863308428347517,0.9947214001263295
7d,2025-09-20 04:00:00,2025-09-30 04:00:00,SHORT,60,10.0,0.004781310441551525,0.09103395268505178,0.9959063818126682
7d,2025-09-30 04:00:00,2025-10-10 04:00:00,LONG,60,10.0,0.0035833214611823384,0.09598824669011348,0.9847555847871969
7d,2025-10-10 04:00:00,2025-10-19 04:00:00,SHORT,54,9.0,0.006471169266929516,0.08813109439398431,0.9931111865250323
7d,2025-10-19 04:00:00,2025-10-20 04:00:00,LONG,6,1.0,0.0007400581423381166,0.031132403318259023,0.9990279463685319
7d,2025-10-20 04:00:00,2025-10-25 04:00:00,SHORT,30,5.0,0.0003531801491696877,0.031055272624150258,0.9979679278638056
7d,2025-10-25 04:00:00,2025-10-31 04:00:00,LONG,36,6.0,-0.002285237081713831,0.06095084422221619,0.9942282822832177
7d,2025-10-31 04:00:00,2025-11-12 04:00:00,SHORT,72,12.0,0.001747576584624759,0.029820671509972526,0.9959380948595741
7d,2025-11-12 04:00:00,2025-11-13 04:00:00,LONG,6,1.0,-0.00035751449746479675,0.02761666387008753,0.9984355519332907
7d,2025-11-13 04:00:00,2025-11-27 04:00:00,SHORT,84,14.0,0.0006749732227417393,0.05268758862846288,0.9913995886631181
7d,2025-11-27 04:00:00,2025-12-02 04:00:00,LONG,30,5.0,-0.0024885148814893436,0.025316150845968763,0.9989961380274056
7d,2025-12-02 04:00:00,2025-12-03 04:00:00,SHORT,6,1.0,-0.0023877277482392896,0.02437497318307989,0.9944494262005958
7d,2025-12-03 04:00:00,2025-12-06 04:00:00,LONG,18,3.0,0.00014090286432708054,0.02571217771130434,0.998957952711644
7d,2025-12-06 04:00:00,2025-12-07 04:00:00,SHORT,6,1.0,6.161934673204929e-05,0.0258333180742084,0.9987922957827334
7d,2025-12-07 04:00:00,2025-12-15 04:00:00,LONG,48,8.0,0.0006977500806914999,0.027050755080974532,0.9983604924851994
7d,2025-12-15 04:00:00,2025-12-23 04:00:00,SHORT,48,8.0,0.0008995900972497751,0.028511069276089675,0.9955159169321413
7d,2025-12-23 04:00:00,2025-12-24 04:00:00,LONG,6,1.0,-0.0003489940630169263,0.028320996610342795,0.9988309149618237
7d,2025-12-24 04:00:00,2025-12-25 04:00:00,SHORT,6,1.0,-2.5140703172187652e-05,0.0283832490418741,0.9991144034278561
7d,2025-12-25 04:00:00,2025-12-27 04:00:00,LONG,12,2.0,-0.00018120766018264213,0.029213515741975365,0.9988698281872785
7d,2025-12-27 04:00:00,2025-12-31 04:00:00,SHORT,24,4.0,-0.0004748002627164471,0.02963837084472684,0.9965737810120717
7d,2025-12-31 04:00:00,2026-01-10 04:00:00,LONG,60,10.0,0.0011698601033234882,0.03646223358755045,0.9985528009468541
7d,2026-01-10 04:00:00,2026-01-15 04:00:00,SHORT,30,5.0,-0.0036645421557623867,0.041309072367012464,0.9970525444709257
7d,2026-01-15 04:00:00,2026-01-21 04:00:00,LONG,36,6.0,-0.00593610019795164,0.05415428719196393,0.9972914174020366
7d,2026-01-21 04:00:00,2026-02-20 04:00:00,SHORT,180,30.0,0.016566991888737503,0.07539124449221239,0.9864458490931645
7d,2026-02-20 04:00:00,2026-02-21 04:00:00,LONG,6,1.0,0.000592508061772003,0.050406500843259795,0.9982808326603803
7d,2026-02-21 04:00:00,2026-02-23 04:00:00,SHORT,12,2.0,0.0005120366455602942,0.051329458402419655,0.9972050724952227
7d,2026-02-23 04:00:00,2026-02-24 04:00:00,LONG,6,1.0,-0.002249329582600981,0.05128299386284382,0.9980427501743157
7d,2026-02-24 04:00:00,2026-02-26 04:00:00,SHORT,12,2.0,-0.0055879816715879976,0.050207350073596245,0.9911662682482285
7d,2026-02-26 04:00:00,2026-02-28 04:00:00,LONG,12,2.0,-0.003617798769088648,0.04864070141854238,0.9972343571232476
7d,2026-02-28 04:00:00,2026-03-02 04:00:00,SHORT,12,2.0,-0.0017318927514815684,0.04831024544739216,0.9925861296237001
7d,2026-03-02 04:00:00,2026-03-10 04:00:00,LONG,48,8.0,0.0024081718972069873,0.04791418705456607,0.9963677606389861
7d,2026-03-10 04:00:00,2026-03-11 04:00:00,SHORT,6,1.0,-6.254113997967233e-05,0.028941772227700873,0.9968605283759228
7d,2026-03-11 04:00:00,2026-03-12 04:00:00,LONG,6,1.0,0.0005531107458984128,0.028709478788940618,0.9986478844149781
7d,2026-03-12 04:00:00,2026-03-14 04:00:00,SHORT,12,2.0,-0.00040078143641716945,0.02972344142217138,0.9979756210473504
7d,2026-03-14 04:00:00,2026-03-23 04:00:00,LONG,54,9.0,-0.0008895217866036285,0.06211454293909321,0.9979307538373922
7d,2026-03-23 04:00:00,2026-04-03 04:00:00,SHORT,66,11.0,-0.00017479660307873106,0.033954598397958995,0.9968299138792235
7d,2026-04-03 04:00:00,2026-04-22 04:00:00,LONG,114,19.0,0.0037942524689403376,0.06908973107740983,0.998174459232473
7d,2026-04-22 04:00:00,2026-04-23 04:00:00,SHORT,6,1.0,-0.0015046881047173807,0.035427289650545694,0.9986653873725455
7d,2026-04-23 04:00:00,2026-04-24 04:00:00,LONG,6,1.0,-0.00130496714296736,0.036499881651767485,0.9986924538213119
7d,2026-04-24 04:00:00,2026-04-27 04:00:00,SHORT,18,3.0,-0.0008858275145836052,0.03761118665566084,0.998968906378358
7d,2026-04-27 04:00:00,2026-04-28 04:00:00,LONG,6,1.0,-0.001274877045074249,0.038678262567083024,0.9980759602755355
7d,2026-04-28 04:00:00,2026-04-29 04:00:00,SHORT,6,1.0,-0.00021641148125811023,0.03749022445465828,0.9989976898407624
7d,2026-04-29 04:00:00,2026-04-30 04:00:00,LONG,6,1.0,-0.0011151163337089513,0.03757217551409882,0.9983212499224616
7d,2026-04-30 04:00:00,2026-05-03 04:00:00,SHORT,18,3.0,-0.0013203601914662294,0.038486189811087174,0.9987490941121058
7d,2026-05-03 04:00:00,2026-05-04 04:00:00,LONG,6,1.0,0.0004171232544424139,0.04021188709598248,0.9990642113712277
7d,2026-05-04 04:00:00,2026-05-05 04:00:00,SHORT,6,1.0,-0.00038077064555576857,0.04021990788773493,0.9985594125798241
7d,2026-05-05 04:00:00,2026-05-12 04:00:00,LONG,42,7.0,-0.0001827508209999059,0.04384759943008334,0.9961946842007707
7d,2026-05-12 04:00:00,2026-05-15 04:00:00,SHORT,18,3.0,0.0007609453065789708,0.04584804101253329,0.9979530666411723
7d,2026-05-15 04:00:00,2026-05-16 04:00:00,LONG,6,1.0,-0.0016138578886477023,0.048560808703563746,0.9981210391504394
7d,2026-05-16 04:00:00,2026-06-13 04:00:00,SHORT,168,28.0,0.016616122676764655,0.09353949585391393,0.9814119215570367
7d,2026-06-13 04:00:00,2026-06-23 04:00:00,LONG,60,10.0,0.003768944581160446,0.0775821916213597,0.9950909182743314
7d,2026-06-23 04:00:00,2026-07-02 04:00:00,SHORT,54,9.0,0.0046577771495559805,0.06962025532186354,0.991705932899501
7d,2026-07-02 04:00:00,2026-07-14 04:00:00,LONG,72,12.0,0.005959582612151701,0.07334338557443838,0.9962084759112397
7d,2026-07-14 04:00:00,2026-07-15 04:00:00,SHORT,6,1.0,-0.0040947888462939735,0.07215399443474717,0.9952438191929143
7d,2026-07-15 04:00:00,2026-07-24 04:00:00,LONG,54,9.0,-4.9348810118653424e-05,0.079300352090363,0.9970474202076072
7d,2026-07-24 04:00:00,2026-07-25 04:00:00,SHORT,6,1.0,0.0005034408816864826,0.0802864702288757,0.9975352539127268
7d,2026-07-25 04:00:00,2026-07-29 04:00:00,LONG,24,4.0,0.002922339728412231,0.09434624805998347,0.995395669833447
7d,2026-07-29 04:00:00,2026-07-31 04:00:00,SHORT,12,2.0,-0.00012681399932192518,0.08985851303625608,0.9965029762244721
7d,2026-07-31 04:00:00,2026-08-02 04:00:00,LONG,12,2.0,-0.0042149796143481875,0.09389511067709753,0.996155304647174
7d,2026-08-02 04:00:00,2026-08-06 04:00:00,SHORT,24,4.0,-0.004273457066363488,0.09849596223614192,0.9956407297187816
7d,2026-08-06 04:00:00,2026-08-07 04:00:00,LONG,6,1.0,-0.00035623978473846887,0.09753401316707479,0.9977272908912161
7d,2026-08-07 04:00:00,2026-08-08 04:00:00,SHORT,6,1.0,-0.0004599381477960547,0.09868147303638512,0.9970489571198894
7d,2026-08-08 04:00:00,2026-08-13 04:00:00,LONG,30,5.0,-0.002070537284579224,0.10395141605220277,0.9957629951537746
7d,2026-08-13 04:00:00,2026-08-15 20:00:00,SHORT,16,2.6666666666666665,4.919954428491118e-05,0.1152775757987613,0.9974375422641502
30d,2022-01-01 00:00:00,2022-02-08 04:00:00,SHORT,229,38.166666666666664,0.012776055133863276,0.06422201331289805,0.9883900916671549
30d,2022-02-08 04:00:00,2022-02-09 04:00:00,LONG,6,1.0,-0.001608943548810022,0.043746806848345705,0.9979621061083521
30d,2022-02-09 04:00:00,2022-02-10 04:00:00,SHORT,6,1.0,-0.0027581367259348847,0.04401271565622624,0.9980418313099982
30d,2022-02-10 04:00:00,2022-02-11 04:00:00,LONG,6,1.0,-0.0017128201108009386,0.044120394709965566,0.9971192064373294
30d,2022-02-11 04:00:00,2022-02-22 04:00:00,SHORT,66,11.0,0.006488031404537464,0.04501352359651104,0.9930064493191502
30d,2022-02-22 04:00:00,2022-03-05 04:00:00,LONG,66,11.0,9.551275332727596e-05,0.05035145388317177,0.9955252782259089
30d,2022-03-05 04:00:00,2022-03-06 04:00:00,SHORT,6,1.0,-0.0008902508564670188,0.044812871181197166,0.9970371502170581
30d,2022-03-06 04:00:00,2022-03-07 04:00:00,LONG,6,1.0,-0.0010696919562107046,0.04504699979429566,0.9986157527967668
30d,2022-03-07 04:00:00,2022-03-20 04:00:00,SHORT,78,13.0,-0.00585612830011216,0.04657765014938184,0.9919808058180637
30d,2022-03-20 04:00:00,2022-04-23 04:00:00,LONG,204,34.0,-0.0017207031026548556,0.07452215804798429,0.9921989254328728
30d,2022-04-23 04:00:00,2022-07-16 04:00:00,SHORT,504,84.0,0.041343309054614114,0.07362985760989309,0.9845975016198534
30d,2022-07-16 04:00:00,2022-08-21 04:00:00,LONG,216,36.0,0.00847972456302241,0.045952623282702824,0.9959449396053981
30d,2022-08-21 04:00:00,2022-08-22 04:00:00,SHORT,6,1.0,-0.0016913630046378116,0.04507647405820601,0.9954884632134007
30d,2022-08-22 04:00:00,2022-08-27 04:00:00,LONG,30,5.0,-0.001834342165594142,0.04800155827041338,0.9970082515804605
30d,2022-08-27 04:00:00,2022-10-24 04:00:00,SHORT,348,58.0,0.004840860052270338,0.08865722066657365,0.989959436834352
30d,2022-10-24 04:00:00,2022-11-09 04:00:00,LONG,96,16.0,0.0028230785324546083,0.09166054427268022,0.9857256896984965
30d,2022-11-09 04:00:00,2022-11-11 04:00:00,SHORT,12,2.0,0.0005613921947255779,0.05884981039566012,0.9775177409063848
30d,2022-11-11 04:00:00,2022-11-12 04:00:00,LONG,6,1.0,-0.0004787501413232891,0.04456500444945943,0.9974544576952267
30d,2022-11-12 04:00:00,2022-12-10 04:00:00,SHORT,168,28.0,-0.00015778946072345914,0.0477665947359876,0.9919023573370138
30d,2022-12-10 04:00:00,2022-12-11 04:00:00,LONG,6,1.0,0.00011651927558534251,0.05052714748612499,0.9986914930435131
30d,2022-12-11 04:00:00,2022-12-14 04:00:00,SHORT,18,3.0,-0.002590126116166301,0.07190762016204864,0.9954965457264389
30d,2022-12-14 04:00:00,2022-12-17 04:00:00,LONG,18,3.0,-0.006715021439745506,0.076241806995223,0.9969653190051748
30d,2022-12-17 04:00:00,2022-12-21 04:00:00,SHORT,24,4.0,-0.0008632142572438835,0.07400372247386779,0.9930450657246358
30d,2022-12-21 04:00:00,2022-12-28 04:00:00,LONG,42,7.0,-0.0002507332259339818,0.08793373410251931,0.9955499445215131
30d,2022-12-28 04:00:00,2022-12-29 04:00:00,SHORT,6,1.0,0.0012986102302050542,0.0878273462684947,0.995607500899951
30d,2022-12-29 04:00:00,2022-12-30 04:00:00,LONG,6,1.0,0.00041953276573366405,0.08910260506806737,0.9979958748229028
30d,2022-12-30 04:00:00,2023-01-05 04:00:00,SHORT,36,6.0,-0.0044589859227164245,0.10108695188873605,0.9871439077144301
30d,2023-01-05 04:00:00,2023-01-08 04:00:00,LONG,18,3.0,0.00041470865742269095,0.052226694703133375,0.9987322942990539
30d,2023-01-08 04:00:00,2023-01-10 04:00:00,SHORT,12,2.0,-0.0027528342913212744,0.054120680452622166,0.9977643655199947
30d,2023-01-10 04:00:00,2023-02-14 04:00:00,LONG,210,35.0,0.012605289511421845,0.10506674440185342,0.9829867714270583
30d,2023-02-14 04:00:00,2023-02-15 04:00:00,SHORT,6,1.0,-0.0036630553505730967,0.07964307232642007,0.9955330027591321
30d,2023-02-15 04:00:00,2023-02-23 04:00:00,LONG,48,8.0,0.003127078742219784,0.07928314339657226,0.9883964823797107
30d,2023-02-23 04:00:00,2023-02-24 04:00:00,SHORT,6,1.0,-0.0008843264639886709,0.03832027756196889,0.9985871182985966
30d,2023-02-24 04:00:00,2023-02-26 04:00:00,LONG,12,2.0,-0.0015911832128856847,0.03868606099947578,0.9983471924192718
30d,2023-02-26 04:00:00,2023-02-27 04:00:00,SHORT,6,1.0,-0.0012081864194086077,0.03967290722322275,0.9986106985277449
30d,2023-02-27 04:00:00,2023-03-01 04:00:00,LONG,12,2.0,-0.00013024333800005876,0.040434448315917505,0.9986753405773718
30d,2023-03-01 04:00:00,2023-03-02 04:00:00,SHORT,6,1.0,-0.0001975613463022877,0.04110109295404383,0.998479854149274
30d,2023-03-02 04:00:00,2023-03-04 04:00:00,LONG,12,2.0,-0.0017093410449928717,0.041586006966739864,0.996183795418141
30d,2023-03-04 04:00:00,2023-03-14 04:00:00,SHORT,60,10.0,-0.0026352239677662655,0.04074294491548889,0.9966363491897217
30d,2023-03-14 04:00:00,2023-05-02 04:00:00,LONG,294,49.0,0.0011918779544066323,0.07457160338026463,0.9921173315310295
30d,2023-05-02 04:00:00,2023-05-03 04:00:00,SHORT,6,1.0,-0.001150122457270827,0.03805651651193206,0.998694258581783
30d,2023-05-03 04:00:00,2023-05-09 04:00:00,LONG,36,6.0,-0.0006798060608022865,0.03855322872418461,0.994446803638793
30d,2023-05-09 04:00:00,2023-05-24 04:00:00,SHORT,90,15.0,-0.0007448321920858137,0.04506674221118395,0.9977732134885733
30d,2023-05-24 04:00:00,2023-05-25 04:00:00,LONG,6,1.0,-0.0014360433948065422,0.04435029930910973,0.9962666264445299
30d,2023-05-25 04:00:00,2023-05-27 04:00:00,SHORT,12,2.0,-0.001057318938211786,0.044341827712329106,0.9986461334606427
30d,2023-05-27 04:00:00,2023-05-28 04:00:00,LONG,6,1.0,-0.000276547808794048,0.05456671586079336,0.9978630847449332
30d,2023-05-28 04:00:00,2023-05-31 04:00:00,SHORT,18,3.0,-0.0025157475151923203,0.05741231426138898,0.9985627973877442
30d,2023-05-31 04:00:00,2023-06-05 04:00:00,LONG,30,5.0,-1.7537669761682128e-05,0.0570194758952381,0.9957414193462971
30d,2023-06-05 04:00:00,2023-06-08 04:00:00,SHORT,18,3.0,0.0015714777517292573,0.06140283376724768,0.9971415156727016
30d,2023-06-08 04:00:00,2023-06-09 04:00:00,LONG,6,1.0,-8.683031206726714e-05,0.06062684002021335,0.9980199220724822
30d,2023-06-09 04:00:00,2023-06-22 04:00:00,SHORT,78,13.0,-0.00012494055295003107,0.06160349895585173,0.9939740385111985
30d,2023-06-22 04:00:00,2023-06-29 04:00:00,LONG,42,7.0,-0.0011588185850422692,0.04683461871874046,0.9953643860472469
30d,2023-06-29 04:00:00,2023-07-01 04:00:00,SHORT,12,2.0,-0.0023768616236767683,0.04619876766545899,0.9969350996139515
30d,2023-07-01 04:00:00,2023-07-07 04:00:00,LONG,36,6.0,-0.0009161923374338536,0.04414701997727392,0.9956931649235974
30d,2023-07-07 04:00:00,2023-07-08 04:00:00,SHORT,6,1.0,0.0005012642631340535,0.045042063459670344,0.9983198260935152
30d,2023-07-08 04:00:00,2023-07-09 04:00:00,LONG,6,1.0,-0.0004137528020305368,0.04474980529125764,0.9989329324984324
30d,2023-07-09 04:00:00,2023-07-10 04:00:00,SHORT,6,1.0,-0.0005207894652321571,0.044881170516526105,0.9977993616748594
30d,2023-07-10 04:00:00,2023-07-23 04:00:00,LONG,78,13.0,0.0006287752369906905,0.04988377609360078,0.9968856911846266
30d,2023-07-23 04:00:00,2023-07-27 04:00:00,SHORT,24,4.0,0.0003660686522916976,0.052589741642935096,0.9983999886180791
30d,2023-07-27 04:00:00,2023-07-28 04:00:00,LONG,6,1.0,-0.00035156833684970955,0.053634406951091014,0.9986630409889637
30d,2023-07-28 04:00:00,2023-07-29 04:00:00,SHORT,6,1.0,-0.00037484181178015134,0.05410079850315064,0.9977336199943072
30d,2023-07-29 04:00:00,2023-07-31 04:00:00,LONG,12,2.0,-0.0003395426477582171,0.05593232722766753,0.9988811046498499
30d,2023-07-31 04:00:00,2023-10-01 04:00:00,SHORT,372,62.0,0.008651997883090989,0.10416620746426546,0.9854969906866131
30d,2023-10-01 04:00:00,2023-10-06 04:00:00,LONG,30,5.0,-0.001202454210774456,0.036862696905150344,0.9981153503978213
30d,2023-10-06 04:00:00,2023-10-07 04:00:00,SHORT,6,1.0,-0.0005810343916976384,0.03221660760751733,0.9986165018239198
30d,2023-10-07 04:00:00,2023-10-08 04:00:00,LONG,6,1.0,-0.0002998069698864729,0.032125675944472,0.9991565881013049
30d,2023-10-08 04:00:00,2023-10-09 04:00:00,SHORT,6,1.0,-9.628599991387646e-05,0.03219192834048542,0.9983270221135898
30d,2023-10-09 04:00:00,2023-10-10 04:00:00,LONG,6,1.0,-0.0010802648370142165,0.03227585247997058,0.9993692124271834
30d,2023-10-10 04:00:00,2023-10-12 04:00:00,SHORT,12,2.0,0.00036616994702553726,0.03144080066409868,0.9982051728009738
30d,2023-10-12 04:00:00,2023-10-13 04:00:00,LONG,6,1.0,-0.0006540141801314929,0.03220315288701291,0.9993417557730685
30d,2023-10-13 04:00:00,2023-10-22 04:00:00,SHORT,54,9.0,-0.002266012493116756,0.03462403841624364,0.9954086815585524
30d,2023-10-22 04:00:00,2024-01-04 04:00:00,LONG,444,74.0,0.0046946707741659655,0.05180815031073154,0.9860363406200342
30d,2024-01-04 04:00:00,2024-01-05 04:00:00,SHORT,6,1.0,-0.0006222928709065256,0.020326619343701127,0.9991602064337163
30d,2024-01-05 04:00:00,2024-01-06 04:00:00,LONG,6,1.0,-0.0003589856733762159,0.020409401482905223,0.9991847098954791
30d,2024-01-06 04:00:00,2024-01-11 04:00:00,SHORT,30,5.0,-0.002180702785375371,0.021319104064160696,0.9987466003501446
30d,2024-01-11 04:00:00,2024-01-24 04:00:00,LONG,78,13.0,-0.0022974784894519984,0.02039575919417709,0.9968663373747959
30d,2024-01-24 04:00:00,2024-01-26 04:00:00,SHORT,12,2.0,-0.0002921615183346089,0.018587507836511277,0.9991699213667949
30d,2024-01-26 04:00:00,2024-01-27 04:00:00,LONG,6,1.0,0.0003274985715627661,0.018081084983290287,0.9995061210209333
30d,2024-01-27 04:00:00,2024-01-31 04:00:00,SHORT,24,4.0,-0.0009572270539163259,0.01891359268195922,0.9993836510164654
30d,2024-01-31 04:00:00,2024-02-01 04:00:00,LONG,6,1.0,-0.00040341320773596903,0.018771597736879,0.998260464002927
30d,2024-02-01 04:00:00,2024-02-03 04:00:00,SHORT,12,2.0,0.000169086622090732,0.018608578362164934,0.9992177680295384
30d,2024-02-03 04:00:00,2024-02-11 04:00:00,LONG,48,8.0,0.0016492326717513972,0.02098276014724051,0.9986889963170469
30d,2024-02-11 04:00:00,2024-02-13 04:00:00,SHORT,12,2.0,-0.0010624630670849526,0.02332890850384176,0.9993690217508927
30d,2024-02-13 04:00:00,2024-04-03 04:00:00,LONG,300,50.0,0.009525465260331809,0.049173825079740385,0.9778394963849608
30d,2024-04-03 04:00:00,2024-05-18 04:00:00,SHORT,270,45.0,0.0007765341095596062,0.03558510450761172,0.9962058380280636
30d,2024-05-18 04:00:00,2024-05-20 04:00:00,LONG,12,2.0,-0.0002365163187447165,0.03632093318532285,0.9980127262347718
30d,2024-05-20 04:00:00,2024-05-21 04:00:00,SHORT,6,1.0,-0.0045495354003344335,0.03789890580909919,0.9991403035846197
30d,2024-05-21 04:00:00,2024-06-21 04:00:00,LONG,186,31.0,0.0011377156028523814,0.03766096448740974,0.9933991231443445
30d,2024-06-21 04:00:00,2024-07-23 04:00:00,SHORT,192,32.0,0.0010516973704978137,0.04958114881980382,0.9917758510818203
30d,2024-07-23 04:00:00,2024-07-24 04:00:00,LONG,6,1.0,-0.00046497935036842624,0.040668304013863,0.9963943881081545
30d,2024-07-24 04:00:00,2024-07-25 04:00:00,SHORT,6,1.0,0.0010864599632496026,0.03974403722396869,0.9987927209735774
30d,2024-07-25 04:00:00,2024-07-26 04:00:00,LONG,6,1.0,-0.002902265317383727,0.0399616486594559,0.9971988693925826
30d,2024-07-26 04:00:00,2024-09-05 04:00:00,SHORT,246,41.0,0.00775799299293634,0.037903614378322646,0.9911355554275734
30d,2024-09-05 04:00:00,2024-09-06 04:00:00,LONG,6,1.0,-0.0010978146351921553,0.029972516579499328,0.9992215378365552
30d,2024-09-06 04:00:00,2024-09-27 04:00:00,SHORT,126,21.0,-0.0043259487767654215,0.03628552609144523,0.9954702707035897
30d,2024-09-27 04:00:00,2024-10-02 04:00:00,LONG,30,5.0,-0.0024604402446180263,0.03933399153956632,0.9985574144793796
30d,2024-10-02 04:00:00,2024-10-06 04:00:00,SHORT,24,4.0,0.0013607300659457151,0.03858399554775197,0.9970372805250626
30d,2024-10-06 04:00:00,2024-10-11 04:00:00,LONG,30,5.0,-0.0005449979151997142,0.042470341543391965,0.998037710627923
30d,2024-10-11 04:00:00,2024-10-12 04:00:00,SHORT,6,1.0,-0.0016397874885716512,0.042587397488452715,0.9987153836322699
30d,2024-10-12 04:00:00,2024-10-24 04:00:00,LONG,72,12.0,0.000977521261828235,0.04516839498725467,0.9975893057292593
30d,2024-10-24 04:00:00,2024-10-31 04:00:00,SHORT,42,7.0,-0.0025331389463919074,0.047161382702144206,0.9947968295408344
30d,2024-10-31 04:00:00,2024-11-06 04:00:00,LONG,36,6.0,-0.004419508579249557,0.048602434305535756,0.9977183765136242
30d,2024-11-06 04:00:00,2024-11-07 04:00:00,SHORT,6,1.0,-0.00535299437236008,0.04765552952209254,0.9950216831490802
30d,2024-11-07 04:00:00,2024-12-23 04:00:00,LONG,276,46.0,0.008252639197727618,0.04232070854498234,0.9913659447596714
30d,2024-12-23 04:00:00,2024-12-25 04:00:00,SHORT,12,2.0,-0.0017413209573846858,0.02619044126718381,0.998600129352877
30d,2024-12-25 04:00:00,2024-12-28 04:00:00,LONG,18,3.0,-0.0008228741112414135,0.02644766979183585,0.9987366710733233
30d,2024-12-28 04:00:00,2025-01-22 04:00:00,SHORT,150,25.0,-0.00013951736674181338,0.02983285930950975,0.9971919408290063
30d,2025-01-22 04:00:00,2025-01-23 04:00:00,LONG,6,1.0,-0.0005960247030242446,0.028374520452308233,0.9980194990424819
30d,2025-01-23 04:00:00,2025-01-26 04:00:00,SHORT,18,3.0,-0.0007473633442174867,0.028980206586511348,0.9982496045776348
30d,2025-01-26 04:00:00,2025-01-27 04:00:00,LONG,6,1.0,-6.684025848361421e-06,0.02816580579145206,0.9983859426299421
30d,2025-01-27 04:00:00,2025-04-30 04:00:00,SHORT,558,93.0,0.012336300830828052,0.05057410163398433,0.9899516958231311
30d,2025-04-30 04:00:00,2025-05-01 04:00:00,LONG,6,1.0,-0.0004328053849961497,0.023263834723823703,0.9985667066547457
30d,2025-05-01 04:00:00,2025-05-04 04:00:00,SHORT,18,3.0,-0.0006654830871497852,0.023232886070826266,0.9977767243594664
30d,2025-05-04 04:00:00,2025-06-14 04:00:00,LONG,246,41.0,0.009785632667699011,0.031379904823514444,0.9923618068389954
30d,2025-06-14 04:00:00,2025-06-17 04:00:00,SHORT,18,3.0,-0.0015328736090264169,0.02937947780415491,0.9990026532780535
30d,2025-06-17 04:00:00,2025-06-19 04:00:00,LONG,12,2.0,-0.0018779339313892442,0.0303564583327165,0.9953485292633623
30d,2025-06-19 04:00:00,2025-06-20 04:00:00,SHORT,6,1.0,-0.00016625289505960904,0.032301797597313046,0.9988861268001427
30d,2025-06-20 04:00:00,2025-06-21 04:00:00,LONG,6,1.0,-0.0011548398079474298,0.032296439339214146,0.9978305616974565
30d,2025-06-21 04:00:00,2025-07-03 04:00:00,SHORT,72,12.0,-0.0024915868989438387,0.03230020206031851,0.997817653009395
30d,2025-07-03 04:00:00,2025-07-04 04:00:00,LONG,6,1.0,-0.00021205288935169993,0.030369515118104633,0.9982207051940046
30d,2025-07-04 04:00:00,2025-07-07 04:00:00,SHORT,18,3.0,0.000513711117123242,0.030856007816281537,0.9989121630771534
30d,2025-07-07 04:00:00,2025-09-12 04:00:00,LONG,402,67.0,0.023369770104712282,0.07057063268688717,0.9881835983000243
30d,2025-09-12 04:00:00,2025-09-14 04:00:00,SHORT,12,2.0,-0.003008803957306347,0.061950058593024104,0.9980440748839722
30d,2025-09-14 04:00:00,2025-09-22 04:00:00,LONG,48,8.0,-0.00204072144897571,0.07006025908110652,0.9947214001263295
30d,2025-09-22 04:00:00,2025-10-03 04:00:00,SHORT,66,11.0,-0.0008145188256342053,0.09103395268505178,0.9959063818126682
30d,2025-10-03 04:00:00,2025-10-11 04:00:00,LONG,48,8.0,-0.008775947505739559,0.09598824669011348,0.9847555847871969
30d,2025-10-11 04:00:00,2025-10-26 04:00:00,SHORT,90,15.0,-6.941324679666686e-05,0.04026558999580881,0.996838738185229
30d,2025-10-26 04:00:00,2025-10-30 04:00:00,LONG,24,4.0,-0.0008142241139613329,0.06095084422221619,0.9942282822832177
30d,2025-10-30 04:00:00,2025-12-20 04:00:00,SHORT,306,51.0,0.004682628253913671,0.05268758862846288,0.9913995886631181
30d,2025-12-20 04:00:00,2025-12-25 04:00:00,LONG,30,5.0,-0.00035074938812433153,0.028511069276089675,0.9988309149618237
30d,2025-12-25 04:00:00,2025-12-26 04:00:00,SHORT,6,1.0,-0.00010402416238759716,0.029164783802256542,0.9990910689643727
30d,2025-12-26 04:00:00,2025-12-27 04:00:00,LONG,6,1.0,-0.0002852318225702393,0.029213515741975365,0.9988698281872785
30d,2025-12-27 04:00:00,2026-01-01 04:00:00,SHORT,30,5.0,-0.0004778725573345825,0.02963837084472684,0.9965737810120717
30d,2026-01-01 04:00:00,2026-01-02 04:00:00,LONG,6,1.0,0.00024794488042480267,0.030887966669336634,0.9994036845472141
30d,2026-01-02 04:00:00,2026-01-05 04:00:00,SHORT,18,3.0,-0.0014929489724994501,0.033669061188764574,0.9988059338487527
30d,2026-01-05 04:00:00,2026-01-09 04:00:00,LONG,24,4.0,-0.00021375088560027835,0.03466631367708412,0.9985528009468541
30d,2026-01-09 04:00:00,2026-01-12 04:00:00,SHORT,18,3.0,-0.00018445604283034279,0.038341663793594105,0.9983402268966313
30d,2026-01-12 04:00:00,2026-01-25 04:00:00,LONG,78,13.0,-0.00342507925844505,0.05415428719196393,0.9970525444709257
30d,2026-01-25 04:00:00,2026-01-28 04:00:00,SHORT,18,3.0,-0.00041084035882120196,0.04801234674765656,0.995195473447476
30d,2026-01-28 04:00:00,2026-01-30 04:00:00,LONG,12,2.0,-0.0029549901611655113,0.0472619164320748,0.9984256990460991
30d,2026-01-30 04:00:00,2026-03-08 04:00:00,SHORT,222,37.0,0.01061633351687226,0.07539124449221239,0.9864458490931645
30d,2026-03-08 04:00:00,2026-03-09 04:00:00,LONG,6,1.0,0.0001305002254257954,0.026660855424862368,0.9991341123407621
30d,2026-03-09 04:00:00,2026-03-13 04:00:00,SHORT,24,4.0,-0.0015444561531425172,0.029383571483493177,0.9968605283759228
30d,2026-03-13 04:00:00,2026-03-28 04:00:00,LONG,90,15.0,-0.0014159639360417633,0.06211454293909321,0.9972727931870835
30d,2026-03-28 04:00:00,2026-03-30 04:00:00,SHORT,12,2.0,-8.275053901863525e-05,0.031222808889771567,0.9968299138792235
30d,2026-03-30 04:00:00,2026-04-04 04:00:00,LONG,30,5.0,0.0009002586715175673,0.033954598397958995,0.9984194824389402
30d,2026-04-04 04:00:00,2026-04-06 04:00:00,SHORT,12,2.0,-0.00016090723749592588,0.03624923675417843,0.9989452947201501
30d,2026-04-06 04:00:00,2026-05-14 04:00:00,LONG,228,38.0,0.003077512094147907,0.06908973107740983,0.9961946842007707
30d,2026-05-14 04:00:00,2026-07-05 04:00:00,SHORT,312,52.0,0.011810559207932213,0.09353949585391393,0.9814119215570367
30d,2026-07-05 04:00:00,2026-08-15 04:00:00,LONG,246,41.0,0.004218151760267586,0.11091462809712412,0.9952438191929143
30d,2026-08-15 04:00:00,2026-08-15 20:00:00,SHORT,4,0.6666666666666666,8.757620977710513e-05,0.1152775757987613,0.9974375422641502
90d,2022-01-01 00:00:00,2022-01-07 04:00:00,LONG,37,6.166666666666667,-0.005032788670353005,0.05618085879564779,0.996452526795922
90d,2022-01-07 04:00:00,2022-04-08 04:00:00,SHORT,546,91.0,0.004945620736993072,0.06665701614728846,0.9883900916671549
90d,2022-04-08 04:00:00,2022-04-12 04:00:00,LONG,24,4.0,-0.005010099018797226,0.07401028138775478,0.9953301061858478
90d,2022-04-12 04:00:00,2022-04-22 04:00:00,SHORT,60,10.0,-0.0008208922787689376,0.07452215804798429,0.9957888213161884
90d,2022-04-22 04:00:00,2022-05-06 04:00:00,LONG,84,14.0,-0.006290673972770865,0.07362985760989309,0.9921989254328728
90d,2022-05-06 04:00:00,2022-09-10 04:00:00,SHORT,762,127.0,0.022815805765906493,0.06329955385401694,0.9845975016198534
90d,2022-09-10 04:00:00,2022-10-15 04:00:00,LONG,210,35.0,-0.012485689110220553,0.06038368325911297,0.9945014642525865
90d,2022-10-15 04:00:00,2023-01-10 04:00:00,SHORT,522,87.0,-0.00742842671785221,0.10108695188873605,0.9775177409063848
90d,2023-01-10 04:00:00,2023-01-26 04:00:00,LONG,96,16.0,0.01506872776094034,0.10506674440185342,0.9829867714270583
90d,2023-01-26 04:00:00,2023-01-27 04:00:00,SHORT,6,1.0,-0.0022549329561536175,0.08229296197258663,0.9976122533291059
90d,2023-01-27 04:00:00,2023-01-28 04:00:00,LONG,6,1.0,0.0003427483076968482,0.08029728567869213,0.9913779606168527
90d,2023-01-28 04:00:00,2023-01-30 04:00:00,SHORT,12,2.0,-0.0022253537801401988,0.07856420557150891,0.9962842659270795
90d,2023-01-30 04:00:00,2023-01-31 04:00:00,LONG,6,1.0,-0.004772557491841165,0.07690517396339433,0.9907935315068637
90d,2023-01-31 04:00:00,2023-02-01 04:00:00,SHORT,6,1.0,-0.0020374961522410277,0.07452382392068017,0.9976861936606466
90d,2023-02-01 04:00:00,2023-06-16 04:00:00,LONG,810,135.0,0.000534682724506557,0.07964307232642007,0.9883964823797107
90d,2023-06-16 04:00:00,2023-06-21 04:00:00,SHORT,30,5.0,-0.0032922568479136654,0.04978224871002681,0.9939740385111985
90d,2023-06-21 04:00:00,2023-07-09 04:00:00,LONG,108,18.0,0.0020097434162432318,0.047463439557077554,0.9953643860472469
90d,2023-07-09 04:00:00,2023-07-11 04:00:00,SHORT,12,2.0,-0.0012752056631143067,0.044881170516526105,0.9977993616748594
90d,2023-07-11 04:00:00,2023-07-12 04:00:00,LONG,6,1.0,-0.0006550357753188149,0.04923042756625088,0.998350599038812
90d,2023-07-12 04:00:00,2023-07-21 04:00:00,SHORT,54,9.0,-0.0005561528811796445,0.04942264574132593,0.9968856911846266
90d,2023-07-21 04:00:00,2023-07-27 04:00:00,LONG,36,6.0,-0.0003928267190439867,0.052589741642935096,0.9983999886180791
90d,2023-07-27 04:00:00,2023-07-31 04:00:00,SHORT,24,4.0,0.0003162691728277752,0.05593232722766753,0.9977336199943072
90d,2023-07-31 04:00:00,2023-08-01 04:00:00,LONG,6,1.0,-0.0001795759009575586,0.06264453771158547,0.9985167242850546
90d,2023-08-01 04:00:00,2023-08-07 04:00:00,SHORT,36,6.0,0.0008364458002768754,0.06371130576855262,0.9964274466502264
90d,2023-08-07 04:00:00,2023-08-08 04:00:00,LONG,6,1.0,-0.00020875998296949355,0.06600243899927451,0.9983989564100937
90d,2023-08-08 04:00:00,2023-08-09 04:00:00,SHORT,6,1.0,-0.0011937864305367743,0.06584084203353437,0.9959106031089338
90d,2023-08-09 04:00:00,2023-08-18 04:00:00,LONG,54,9.0,-0.005279700890958516,0.10416620746426546,0.9972207220586161
90d,2023-08-18 04:00:00,2023-11-05 04:00:00,SHORT,474,79.0,0.00029368768733481574,0.09451765047503537,0.9854969906866131
90d,2023-11-05 04:00:00,2024-06-05 04:00:00,LONG,1278,213.0,0.02131763389546394,0.05180815031073154,0.9778394963849608
90d,2024-06-05 04:00:00,2024-06-06 04:00:00,SHORT,6,1.0,-0.0006462496347649431,0.032443551792504764,0.9989709487125461
90d,2024-06-06 04:00:00,2024-06-07 04:00:00,LONG,6,1.0,-0.0007292225287380064,0.0327255607966629,0.9980159295770037
90d,2024-06-07 04:00:00,2024-06-17 04:00:00,SHORT,60,10.0,0.0016440507620044391,0.03341631089192424,0.9974847280502883
90d,2024-06-17 04:00:00,2024-06-24 04:00:00,LONG,42,7.0,-0.001218811707435256,0.044946116296294934,0.9960593434965082
90d,2024-06-24 04:00:00,2024-07-02 04:00:00,SHORT,48,8.0,4.7790682690303514e-05,0.04958114881980382,0.9955269456674002
90d,2024-07-02 04:00:00,2024-07-04 04:00:00,LONG,12,2.0,-0.002930897586932647,0.04898236337906405,0.9979637749672181
90d,2024-07-04 04:00:00,2024-07-13 04:00:00,SHORT,54,9.0,0.0023250499686658698,0.04784380619693526,0.9917758510818203
90d,2024-07-13 04:00:00,2024-07-26 04:00:00,LONG,78,13.0,0.00047649754916095064,0.04199991697155964,0.9963943881081545
90d,2024-07-26 04:00:00,2024-07-27 04:00:00,SHORT,6,1.0,-0.0018100892413653099,0.037903614378322646,0.9963556126544134
90d,2024-07-27 04:00:00,2024-07-28 04:00:00,LONG,6,1.0,-0.00015002266508377054,0.037540305976352516,0.9988687063460374
90d,2024-07-28 04:00:00,2024-07-29 04:00:00,SHORT,6,1.0,-0.00012150951241851466,0.037723047156221566,0.9980649822941962
90d,2024-07-29 04:00:00,2024-08-03 04:00:00,LONG,30,5.0,-0.0029468444219765935,0.03787784635735555,0.9974865646512291
90d,2024-08-03 04:00:00,2024-11-04 04:00:00,SHORT,558,93.0,0.006124309597707846,0.048602434305535756,0.9911355554275734
90d,2024-11-04 04:00:00,2024-11-05 04:00:00,LONG,6,1.0,-0.00043770565253720687,0.04842475626390825,0.9985140242555266
90d,2024-11-05 04:00:00,2024-11-06 04:00:00,SHORT,6,1.0,0.00043780437606269886,0.048309678200510776,0.9984783740809101
90d,2024-11-06 04:00:00,2025-02-06 04:00:00,LONG,552,92.0,0.010273471369113298,0.04765552952209254,0.9913659447596714
90d,2025-02-06 04:00:00,2025-05-14 04:00:00,SHORT,582,97.0,-0.0036891909066095845,0.05057410163398433,0.9899516958231311
90d,2025-05-14 04:00:00,2025-05-15 04:00:00,LONG,6,1.0,-0.000940418945501047,0.028899278441319107,0.9973637231879552
90d,2025-05-15 04:00:00,2025-05-27 04:00:00,SHORT,72,12.0,0.0006128642919025437,0.029347574342556974,0.9984305705930316
90d,2025-05-27 04:00:00,2025-11-05 04:00:00,LONG,972,162.0,0.010833638847413344,0.09598824669011348,0.9847555847871969
90d,2025-11-05 04:00:00,2026-05-04 04:00:00,SHORT,1080,180.0,0.008410642075280186,0.07539124449221239,0.9864458490931645
90d,2026-05-04 04:00:00,2026-06-01 04:00:00,LONG,168,28.0,-0.007402848352693373,0.052174949113453696,0.9961946842007707
90d,2026-06-01 04:00:00,2026-06-02 04:00:00,SHORT,6,1.0,-0.00014596632066473866,0.05249252212651337,0.995986205937723
90d,2026-06-02 04:00:00,2026-06-03 04:00:00,LONG,6,1.0,-0.0023862826968978172,0.051179980169497576,0.9984242446326983
90d,2026-06-03 04:00:00,2026-08-15 20:00:00,SHORT,442,73.66666666666667,-0.0005546005936789018,0.1152775757987613,0.9814119215570367
