timestamp,side,sweep_low,sweep_high,prior_high,prior_low,bar_high,bar_low,bar_close,event_day,available_time
2022-01-10,long,True,False,4157.03,3045.58,3180.5,2997.26,3097.83,2022-01-09,2022-01-10
2022-01-11,long,True,False,4157.03,2997.26,3210.0,2917.12,3005.82,2022-01-10,2022-01-11
2022-02-11,short,False,True,3273.71,2155.03,3288.0,3084.07,3209.65,2022-02-10,2022-02-11
2022-02-22,long,True,False,3288.0,2575.51,2760.0,2571.0,2723.95,2022-02-21,2022-02-22
2022-02-23,long,True,False,3288.0,2571.0,2744.36,2496.0,2624.0,2022-02-22,2022-02-23
2022-03-23,short,False,True,3046.0,2444.32,3054.9,2883.21,3002.15,2022-03-22,2022-03-23
2022-03-26,short,False,True,3129.99,2444.32,3210.0,3085.45,3121.01,2022-03-25,2022-03-26
2022-04-02,short,False,True,3483.94,2490.27,3494.53,3210.43,3433.08,2022-04-01,2022-04-02
2022-04-03,short,False,True,3494.53,2490.27,3532.88,3404.25,3460.73,2022-04-02,2022-04-03
2022-04-04,short,False,True,3532.88,2490.27,3533.0,3412.14,3499.56,2022-04-03,2022-04-04
2022-04-05,short,False,True,3533.0,2505.0,3580.12,3421.94,3425.27,2022-04-04,2022-04-05
2022-04-28,long,True,False,3314.39,2793.84,2921.0,2762.2,2866.46,2022-04-27,2022-04-28
2022-05-02,long,True,False,3307.86,2762.2,2822.0,2713.0,2806.36,2022-05-01,2022-05-02
2022-05-11,long,True,False,3188.0,2335.47,2457.34,2198.02,2362.49,2022-05-10,2022-05-11
2022-05-12,long,True,False,3188.0,2198.02,2454.98,2115.27,2265.5,2022-05-11,2022-05-12
2022-05-27,long,True,False,2770.0,1771.0,1982.82,1730.6,1861.28,2022-05-26,2022-05-27
2022-05-28,long,True,False,2713.73,1730.6,1908.9,1711.0,1764.83,2022-05-27,2022-05-28
2022-05-29,long,True,False,2701.91,1711.0,1809.59,1701.1,1795.0,2022-05-28,2022-05-29
2022-06-13,long,True,False,2089.0,1496.36,1579.0,1423.0,1526.5,2022-06-12,2022-06-13
2022-06-15,long,True,False,2023.0,1163.27,1283.99,1073.9,1250.36,2022-06-14,2022-06-15
2022-06-16,long,True,False,2017.0,1073.9,1270.81,1013.0,1120.07,2022-06-15,2022-06-16
2022-06-20,long,True,False,2017.0,974.24,1080.0,878.73,1071.85,2022-06-19,2022-06-20
2022-07-17,short,False,True,1283.0,996.0,1290.38,1191.0,1274.42,2022-07-16,2022-07-17
2022-07-23,short,False,True,1635.5,1005.0,1647.0,1508.88,1574.88,2022-07-22,2022-07-23
2022-07-26,short,False,True,1647.0,1005.0,1665.0,1498.22,1526.23,2022-07-25,2022-07-26
2022-07-30,short,False,True,1758.07,1005.0,1785.98,1657.0,1721.99,2022-07-29,2022-07-30
2022-08-09,short,False,True,1785.98,1354.58,1820.72,1691.0,1775.04,2022-08-08,2022-08-09
2022-08-15,short,False,True,2020.77,1354.58,2031.54,1967.0,1984.31,2022-08-14,2022-08-15
2022-08-22,long,True,False,2031.54,1557.0,1640.89,1522.7,1621.11,2022-08-21,2022-08-22
2022-08-29,long,True,False,2031.54,1453.0,1512.28,1445.26,1487.0,2022-08-28,2022-08-29
2022-08-30,long,True,False,2031.54,1445.26,1531.81,1421.34,1521.65,2022-08-29,2022-08-30
2022-09-10,short,False,True,1725.97,1421.34,1750.0,1608.15,1719.13,2022-09-09,2022-09-10
2022-09-13,short,False,True,1789.67,1421.34,1790.0,1695.31,1706.02,2022-09-12,2022-09-13
2022-09-18,long,True,False,1790.0,1421.34,1456.49,1405.0,1443.83,2022-09-17,2022-09-18
2022-10-14,long,True,False,1401.39,1251.28,1303.0,1180.0,1256.83,2022-10-13,2022-10-14
2022-10-31,short,False,True,1654.27,1180.0,1665.0,1576.0,1587.45,2022-10-30,2022-10-31
2022-11-05,short,False,True,1665.0,1252.0,1680.0,1524.0,1625.76,2022-11-04,2022-11-05
2022-11-11,long,True,False,1680.0,1133.8,1344.0,1071.34,1319.9,2022-11-10,2022-11-11
2022-12-16,short,False,True,1348.0,1150.68,1354.21,1262.0,1270.84,2022-12-15,2022-12-16
2022-12-21,long,True,False,1354.21,1155.63,1234.0,1150.0,1217.31,2022-12-20,2022-12-21
2023-01-08,short,False,True,1274.0,1150.0,1277.83,1259.63,1264.67,2023-01-07,2023-01-08
2023-01-11,short,False,True,1342.0,1180.0,1344.49,1315.58,1333.39,2023-01-10,2023-01-11
2023-01-12,short,False,True,1344.49,1180.0,1348.46,1321.0,1323.0,2023-01-11,2023-01-12
2023-01-14,short,False,True,1422.37,1180.0,1440.92,1383.12,1421.55,2023-01-13,2023-01-14
2023-01-22,short,False,True,1647.33,1191.0,1680.0,1560.91,1646.87,2023-01-21,2023-01-22
2023-02-03,short,False,True,1680.0,1383.12,1700.0,1555.0,1677.88,2023-02-02,2023-02-03
2023-02-04,short,False,True,1700.0,1406.72,1720.0,1625.92,1663.14,2023-02-03,2023-02-04
2023-02-11,long,True,False,1720.0,1510.82,1634.2,1504.0,1522.55,2023-02-10,2023-02-11
2023-02-12,long,True,False,1720.0,1504.0,1539.72,1485.0,1522.92,2023-02-11,2023-02-12
2023-02-15,long,True,False,1720.0,1463.0,1569.68,1460.03,1544.69,2023-02-14,2023-02-15
2023-02-18,short,False,True,1730.0,1460.03,1743.88,1631.0,1672.74,2023-02-17,2023-02-18
2023-03-24,short,False,True,1845.0,1367.0,1858.88,1710.0,1837.72,2023-03-23,2023-03-24
2023-04-28,long,True,False,2165.87,1800.0,1958.95,1782.2,1900.0,2023-04-27,2023-04-28
2023-06-23,short,False,True,1914.89,1623.19,1933.96,1846.7,1877.66,2023-06-22,2023-06-23
2023-06-25,short,False,True,1933.96,1623.19,1937.94,1868.35,1874.0,2023-06-24,2023-06-25
2023-07-02,short,False,True,1937.94,1623.19,1948.0,1849.12,1922.72,2023-07-01,2023-07-02
2023-08-02,long,True,False,2030.0,1830.03,1864.95,1808.0,1834.88,2023-08-01,2023-08-02
2023-08-09,long,True,False,1929.6,1808.0,1848.96,1798.1,1843.04,2023-08-08,2023-08-09
2023-09-13,long,True,False,1747.0,1548.0,1627.01,1530.56,1604.08,2023-09-12,2023-09-13
2023-10-01,short,False,True,1688.61,1530.56,1695.0,1656.82,1683.6,2023-09-30,2023-10-01
2023-10-03,short,False,True,1695.0,1530.56,1785.54,1667.66,1692.01,2023-10-02,2023-10-03
2023-10-11,long,True,False,1785.54,1562.2,1594.98,1543.11,1567.7,2023-10-10,2023-10-11
2023-10-12,long,True,False,1785.54,1543.11,1578.98,1540.86,1559.57,2023-10-11,2023-10-12
2023-10-13,long,True,False,1785.54,1540.86,1569.68,1533.69,1541.63,2023-10-12,2023-10-13
2023-10-14,long,True,False,1785.54,1533.69,1555.27,1516.11,1539.39,2023-10-13,2023-10-14
2023-10-24,short,False,True,1693.97,1516.11,1706.21,1624.4,1676.75,2023-10-23,2023-10-24
2023-10-27,short,False,True,1855.0,1516.11,1871.0,1766.58,1777.91,2023-10-26,2023-10-27
2023-11-03,short,False,True,1871.0,1516.11,1874.47,1791.87,1803.0,2023-11-02,2023-11-03
2023-12-07,short,False,True,2277.13,1905.0,2312.92,2220.09,2252.51,2023-12-06,2023-12-07
2023-12-10,short,False,True,2395.0,1928.8,2407.39,2336.79,2363.58,2023-12-09,2023-12-10
2023-12-29,short,False,True,2407.39,2115.0,2453.95,2335.16,2359.43,2023-12-28,2023-12-29
2024-01-04,long,True,False,2453.95,2115.0,2386.2,2052.45,2240.0,2024-01-03,2024-01-04
2024-01-11,short,False,True,2453.95,2052.45,2462.0,2243.37,2449.61,2024-01-10,2024-01-11
2024-01-13,short,False,True,2691.46,2052.45,2717.77,2571.0,2647.44,2024-01-12,2024-01-13
2024-02-10,short,False,True,2505.95,2167.13,2526.99,2413.11,2494.86,2024-02-09,2024-02-10
2024-02-12,short,False,True,2526.99,2167.13,2540.8,2483.34,2509.33,2024-02-11,2024-02-12
2024-02-21,short,False,True,2932.9,2238.0,3008.0,2870.11,2925.81,2024-02-20,2024-02-21
2024-02-22,short,False,True,3008.0,2238.0,3035.56,2866.86,2915.29,2024-02-21,2024-02-22
2024-02-24,short,False,True,3035.56,2262.6,3037.98,2912.4,2916.25,2024-02-23,2024-02-24
2024-03-07,short,False,True,3825.0,2718.29,3904.09,3176.41,3791.15,2024-03-06,2024-03-07
2024-03-09,short,False,True,3904.09,2718.29,3999.0,3814.92,3902.37,2024-03-08,2024-03-09
2024-03-13,short,False,True,4068.23,2866.86,4096.15,3944.06,3990.7,2024-03-12,2024-03-13
2024-03-21,long,True,False,4096.15,3156.53,3397.99,3051.58,3294.15,2024-03-20,2024-03-21
2024-04-10,short,False,True,3680.62,3051.58,3732.93,3477.0,3530.4,2024-04-09,2024-04-10
2024-04-14,long,True,False,3732.93,3200.1,3454.82,3055.01,3272.12,2024-04-13,2024-04-14
2024-05-23,short,False,True,3838.09,2860.12,3845.0,3653.33,3761.36,2024-05-22,2024-05-23
2024-05-24,short,False,True,3845.0,2860.12,3950.0,3700.25,3813.74,2024-05-23,2024-05-24
2024-06-16,long,True,False,3978.63,3426.53,3594.29,3362.02,3565.48,2024-06-15,2024-06-16
2024-06-19,long,True,False,3891.94,3362.02,3578.94,3346.0,3423.66,2024-06-18,2024-06-19
2024-07-21,short,False,True,3524.12,2803.48,3542.25,3464.59,3503.46,2024-07-20,2024-07-21
2024-07-23,short,False,True,3542.25,2803.48,3564.0,3410.23,3456.92,2024-07-22,2024-07-23
2024-09-05,long,True,False,2820.6,2391.0,2469.96,2302.89,2455.41,2024-09-04,2024-09-05
2024-09-08,long,True,False,2820.6,2263.22,2311.7,2149.34,2300.57,2024-09-07,2024-09-08
2024-09-21,short,False,True,2565.72,2149.34,2572.96,2433.33,2560.45,2024-09-20,2024-09-21
2024-09-22,short,False,True,2572.96,2149.34,2588.0,2525.12,2559.76,2024-09-21,2024-09-22
2024-09-23,short,False,True,2588.0,2149.34,2636.0,2552.4,2570.77,2024-09-22,2024-09-23
2024-09-25,short,False,True,2689.97,2149.34,2704.62,2591.44,2613.08,2024-09-24,2024-09-25
2024-09-29,short,False,True,2704.62,2239.22,2728.99,2650.0,2670.37,2024-09-28,2024-09-29
2024-10-22,short,False,True,2721.9,2308.8,2771.19,2659.19,2679.75,2024-10-21,2024-10-22
2024-11-06,long,True,False,2771.19,2380.9,2480.93,2356.44,2441.16,2024-11-05,2024-11-06
2024-11-12,short,False,True,3240.64,2356.44,3265.58,3070.87,3239.53,2024-11-11,2024-11-12
2024-11-13,short,False,True,3265.58,2356.44,3450.0,3211.0,3262.29,2024-11-12,2024-11-13
2024-11-27,short,False,True,3539.57,2400.01,3548.8,3281.6,3297.08,2024-11-26,2024-11-27
2024-11-29,short,False,True,3574.62,2823.59,3686.75,3535.01,3543.25,2024-11-28,2024-11-29
2024-12-01,short,False,True,3686.75,2992.0,3727.6,3560.02,3674.69,2024-11-30,2024-12-01
2024-12-03,short,False,True,3747.99,3014.94,3764.06,3570.72,3672.59,2024-12-02,2024-12-03
2024-12-08,short,False,True,4042.0,3030.0,4090.0,3966.58,4004.99,2024-12-07,2024-12-08
2024-12-18,short,False,True,4090.0,3253.0,4109.56,3914.7,3938.4,2024-12-17,2024-12-18
2025-01-11,long,True,False,3746.33,3208.6,3328.09,3156.74,3245.21,2025-01-10,2025-01-11
2025-02-28,long,True,False,2858.82,2312.19,2434.32,2253.62,2323.31,2025-02-27,2025-02-28
2025-03-05,long,True,False,2858.82,2072.92,2297.79,2002.73,2074.99,2025-03-04,2025-03-05
2025-03-06,long,True,False,2858.82,2002.73,2273.53,1985.43,2186.79,2025-03-05,2025-03-06
2025-04-04,long,True,False,2104.99,1766.6,1957.3,1748.0,1782.48,2025-04-03,2025-04-04
2025-04-07,long,True,False,2104.99,1748.0,1817.9,1735.86,1759.73,2025-04-06,2025-04-07
2025-04-10,long,True,False,2104.99,1411.0,1533.0,1384.06,1485.4,2025-04-09,2025-04-10
2025-04-27,short,False,True,1837.0,1384.06,1841.36,1778.09,1799.58,2025-04-26,2025-04-27
2025-04-28,short,False,True,1841.36,1384.06,1856.88,1780.0,1793.1,2025-04-27,2025-04-28
2025-05-02,short,False,True,1856.88,1471.72,1873.55,1755.23,1852.17,2025-05-01,2025-05-02
2025-05-12,short,False,True,2491.84,1533.51,2610.0,2427.4,2461.11,2025-05-11,2025-05-12
2025-05-13,short,False,True,2610.0,1533.51,2622.0,2438.63,2486.53,2025-05-12,2025-05-13
2025-05-15,short,False,True,2622.0,1722.01,2738.56,2557.4,2595.95,2025-05-14,2025-05-15
2025-05-30,short,False,True,2738.56,2035.12,2788.87,2609.01,2642.48,2025-05-29,2025-05-30
2025-06-11,short,False,True,2788.87,2380.01,2798.59,2532.79,2731.53,2025-06-10,2025-06-11
2025-06-22,long,True,False,2878.59,2380.01,2495.37,2363.0,2422.21,2025-06-21,2025-06-22
2025-06-24,long,True,False,2878.59,2154.0,2313.0,2108.47,2247.68,2025-06-23,2025-06-24
2025-07-15,short,False,True,3040.0,2187.1,3084.2,2938.23,3013.3,2025-07-14,2025-07-15
2025-07-29,short,False,True,3859.98,2509.09,3942.49,3773.01,3806.61,2025-07-28,2025-07-29
2025-08-11,short,False,True,4248.9,3353.44,4334.57,4160.12,4217.63,2025-08-10,2025-08-11
2025-08-12,short,False,True,4334.57,3353.44,4349.83,4165.68,4329.19,2025-08-11,2025-08-12
2025-08-15,short,False,True,4737.46,3353.44,4794.89,4455.34,4620.01,2025-08-14,2025-08-15
2025-08-24,short,False,True,4794.89,3353.44,4888.0,4615.35,4749.22,2025-08-23,2025-08-24
2025-08-26,short,False,True,4888.0,3543.0,4958.69,4518.0,4610.2,2025-08-25,2025-08-26
2025-09-27,long,True,False,4768.0,3920.0,4004.0,3820.01,3943.81,2025-09-26,2025-09-27
2025-10-08,short,False,True,4693.0,3820.01,4754.37,4476.0,4510.48,2025-10-07,2025-10-08
2025-10-12,long,True,False,4754.37,3820.01,4135.81,3355.12,3822.61,2025-10-11,2025-10-12
2025-11-18,long,True,False,4231.63,3054.0,3222.0,3001.19,3119.52,2025-11-17,2025-11-18
2025-11-19,long,True,False,4149.98,3001.19,3141.97,2943.11,3105.1,2025-11-18,2025-11-19
2025-11-21,long,True,False,3917.35,2943.11,3063.16,2871.54,2954.39,2025-11-20,2025-11-21
2025-12-12,short,False,True,3398.28,2621.19,3446.0,3142.38,3177.92,2025-12-11,2025-12-12
2026-01-16,short,False,True,3398.0,2888.52,3403.44,3272.37,3329.86,2026-01-15,2026-01-16
2026-01-22,long,True,False,3403.44,2956.02,3041.76,2891.0,3000.96,2026-01-21,2026-01-22
2026-01-23,long,True,False,3403.44,2891.0,3068.34,2863.7,2940.26,2026-01-22,2026-01-23
2026-01-27,long,True,False,3403.44,2863.7,2950.0,2784.0,2897.99,2026-01-26,2026-01-27
2026-02-03,long,True,False,3403.44,2237.0,2395.92,2155.0,2371.07,2026-02-02,2026-02-03
2026-02-07,long,True,False,3368.8,1925.35,2017.39,1740.0,1979.36,2026-02-06,2026-02-07
2026-02-27,short,False,True,2151.45,1740.0,2155.08,2010.49,2032.77,2026-02-26,2026-02-27
2026-03-05,short,False,True,2155.08,1794.49,2160.25,1943.59,2149.66,2026-03-04,2026-03-05
2026-03-06,short,False,True,2160.25,1794.49,2201.43,2066.18,2086.12,2026-03-05,2026-03-06
2026-03-14,short,False,True,2201.43,1794.49,2209.0,2043.76,2127.26,2026-03-13,2026-03-14
2026-03-31,long,True,False,2386.76,1962.54,2084.81,1936.0,2073.3,2026-03-30,2026-03-31
2026-04-09,short,False,True,2233.09,1936.0,2273.53,2076.22,2214.67,2026-04-08,2026-04-09
2026-04-13,short,False,True,2273.53,1936.0,2329.85,2173.0,2185.5,2026-04-12,2026-04-13
2026-04-19,short,False,True,2457.0,1936.0,2464.99,2342.51,2362.25,2026-04-18,2026-04-19
2026-05-16,long,True,False,2423.77,2218.82,2318.55,2203.25,2221.67,2026-05-15,2026-05-16
2026-05-20,long,True,False,2423.77,2081.14,2146.61,2076.01,2109.28,2026-05-19,2026-05-20
2026-06-02,long,True,False,2345.13,1965.28,2022.4,1955.0,1967.73,2026-06-01,2026-06-02
2026-07-08,short,False,True,1809.78,1511.0,1834.0,1756.33,1796.67,2026-07-07,2026-07-08
2026-07-14,short,False,True,1834.0,1511.0,1846.36,1760.87,1775.87,2026-07-13,2026-07-14
2026-07-22,short,False,True,1946.0,1551.6,1952.66,1888.2,1930.88,2026-07-21,2026-07-22
2026-07-23,short,False,True,1952.66,1596.32,1956.86,1909.27,1941.95,2026-07-22,2026-07-23
2026-07-28,short,False,True,1956.86,1712.32,1982.29,1907.73,1926.73,2026-07-27,2026-07-28
